BilledCost,BillingAccountId,BillingAccountName,BillingAccountType,BillingCurrency,BillingPeriodEnd,BillingPeriodStart,CapacityReservationId,CapacityReservationStatus,ChargeCategory,ChargeClass,ChargeDescription,ChargeFrequency,ChargePeriodEnd,ChargePeriodStart,CommitmentDiscountCategory,CommitmentDiscountId,CommitmentDiscountName,CommitmentDiscountQuantity,CommitmentDiscountStatus,CommitmentDiscountType,CommitmentDiscountUnit,ConsumedQuantity,ConsumedUnit,ContractedCost,ContractedUnitPrice,EffectiveCost,InvoiceId,InvoiceIssuerName,ListCost,ListUnitPrice,PricingCategory,PricingCurrency,PricingQuantity,PricingUnit,ProviderName,PublisherName,RegionId,RegionName,ResourceId,ResourceName,ResourceType,ServiceCategory,ServiceName,ServiceSubcategory,SkuId,SkuMeter,SkuPriceDetails,SkuPriceId,SubAccountId,SubAccountName,SubAccountType,Tags,x_AccountName,x_BilledCostInUsd,x_BillingProfileName,x_CostCenter,x_EffectiveCostInUsd,x_InvoiceSectionName,x_PublisherCategory,x_ResourceGroupName,x_SkuMeterCategory,x_SkuMeterName,x_SkuServiceFamily
64.56,8611537,Acme Corp MCA,BillingAccount,EUR,2026-06-01 00:00:00,2026-05-01 00:00:00,,,Usage,,Azure Cosmos DB RU/s Provisioned Throughput,Usage-Based,2026-05-02 00:00:00,2026-05-01 00:00:00,,,,,,,,648.340,100 RU/s Hours,64.56,0.099577,64.56,G019283746,Microsoft,76.69,0.118287,Standard,EUR,648.340,100 RU/s Hours,Microsoft,Microsoft,westeurope,West Europe,/subscriptions/3f1e7c20-0003-4a5b-9c3d-8e2f10a4b6c3/resourcegroups/rg-acme-databaseaccounts/providers/microsoft.documentdb/databaseaccounts/databaseaccounts-0396,databaseaccounts-0396,Microsoft.DocumentDB/databaseAccounts,Databases,Azure Cosmos DB,NoSQL Databases,DZH318Z0BPZ7,RU/s Provisioned Throughput,"{""MeterId"":""DZH318Z0BPZ7"",""TierMinimumUnits"":0}",DZH318Z0BPZ7/RU/s-Provisioned-Throughput,3f1e7c20-0003-4a5b-9c3d-8e2f10a4b6c3,Data Analytics,Subscription,"{""Team"":""security"",""System"":""ledger"",""Environment"":""staging""}",Data Analytics,70.37,Acme Corp Billing Profile,cc-2087,70.37,Engineering,Microsoft,rg-acme-databaseaccounts,Azure Cosmos DB,RU/s Provisioned Throughput,Databases
118.88,8611537,Acme Corp MCA,BillingAccount,EUR,2026-06-01 00:00:00,2026-05-01 00:00:00,,,Usage,,Azure Functions Execution Time,Usage-Based,2026-05-02 00:00:00,2026-05-01 00:00:00,,,,,,,,118.730,GB Seconds,118.88,1.001263,118.88,G019283746,Microsoft,141.45,1.191359,Standard,EUR,118.730,GB Seconds,Microsoft,Microsoft,southeastasia,Southeast Asia,/subscriptions/3f1e7c20-0004-4a5b-9c3d-8e2f10a4b6c4/resourcegroups/rg-acme-sites/providers/microsoft.web/sites/sites-0339,sites-0339,Microsoft.Web/sites,Compute,Azure Functions,Serverless Compute,DZH318Z0BQ6R,Execution Time,"{""MeterId"":""DZH318Z0BQ6R"",""TierMinimumUnits"":0}",DZH318Z0BQ6R/Execution-Time,3f1e7c20-0004-4a5b-9c3d-8e2f10a4b6c4,Development Sandbox,Subscription,"{""Team"":""platform"",""System"":""ledger"",""Environment"":""production""}",Development Sandbox,129.58,Acme Corp Billing Profile,cc-2087,129.58,Engineering,Microsoft,rg-acme-sites,Azure Functions,Execution Time,Compute
10.04,8611537,Acme Corp MCA,BillingAccount,EUR,2026-06-01 00:00:00,2026-05-01 00:00:00,,,Usage,,Azure Monitor Data Ingestion,Usage-Based,2026-05-02 00:00:00,2026-05-01 00:00:00,,,,,,,,570.870,GB,10.04,0.017587,10.04,G019283746,Microsoft,11.20,0.019619,Standard,EUR,570.870,GB,Microsoft,Microsoft,westus2,West US 2,/subscriptions/3f1e7c20-0001-4a5b-9c3d-8e2f10a4b6c1/resourcegroups/rg-acme-workspaces/providers/microsoft.operationalinsights/workspaces/workspaces-0209,workspaces-0209,Microsoft.OperationalInsights/workspaces,Management and Governance,Azure Monitor,Observability,DZH318Z0BS3Q,Data Ingestion,"{""MeterId"":""DZH318Z0BS3Q"",""TierMinimumUnits"":0}",DZH318Z0BS3Q/Data-Ingestion,3f1e7c20-0001-4a5b-9c3d-8e2f10a4b6c1,Platform Production,Subscription,"{""Team"":""payments"",""System"":""risk-engine"",""Environment"":""staging""}",Platform Production,10.94,Acme Corp Billing Profile,cc-2087,10.94,Engineering,Microsoft,rg-acme-workspaces,Azure Monitor,Data Ingestion,Management and Governance
75.69,8611537,Acme Corp MCA,BillingAccount,EUR,2026-06-01 00:00:00,2026-05-01 00:00:00,,,Usage,,Azure Blob Storage Hot LRS Data Stored,Usage-Based,2026-05-02 00:00:00,2026-05-01 00:00:00,,,,,,,,257.330,GB/Month,75.69,0.294136,75.69,G019283746,Microsoft,97.81,0.380096,Standard,EUR,257.330,GB/Month,Microsoft,Microsoft,northeurope,North Europe,/subscriptions/3f1e7c20-0003-4a5b-9c3d-8e2f10a4b6c3/resourcegroups/rg-acme-storageaccounts/providers/microsoft.storage/storageaccounts/storageaccounts-0427,storageaccounts-0427,Microsoft.Storage/storageAccounts,Storage,Azure Blob Storage,Object Storage,DZH318Z0BNZ4,Hot LRS Data Stored,"{""MeterId"":""DZH318Z0BNZ4"",""TierMinimumUnits"":0}",DZH318Z0BNZ4/Hot-LRS-Data-Stored,3f1e7c20-0003-4a5b-9c3d-8e2f10a4b6c3,Data Analytics,Subscription,"{""Team"":""security"",""System"":""ledger"",""Environment"":""staging""}",Data Analytics,82.50,Acme Corp Billing Profile,cc-2087,82.50,Engineering,Microsoft,rg-acme-storageaccounts,Azure Blob Storage,Hot LRS Data Stored,Storage
5.36,8611537,Acme Corp MCA,BillingAccount,EUR,2026-06-01 00:00:00,2026-05-01 00:00:00,,,Usage,,Azure Functions Execution Time,Usage-Based,2026-05-02 00:00:00,2026-05-01 00:00:00,,,,,,,,442.450,GB Seconds,5.36,0.012114,5.36,G019283746,Microsoft,7.08,0.016002,Standard,EUR,442.450,GB Seconds,Microsoft,Microsoft,northeurope,North Europe,/subscriptions/3f1e7c20-0003-4a5b-9c3d-8e2f10a4b6c3/resourcegroups/rg-acme-sites/providers/microsoft.web/sites/sites-0204,sites-0204,Microsoft.Web/sites,Compute,Azure Functions,Serverless Compute,DZH318Z0BQ6R,Execution Time,"{""MeterId"":""DZH318Z0BQ6R"",""TierMinimumUnits"":0}",DZH318Z0BQ6R/Execution-Time,3f1e7c20-0003-4a5b-9c3d-8e2f10a4b6c3,Data Analytics,Subscription,"{""Team"":""platform"",""System"":""risk-engine"",""Environment"":""sandbox""}",Data Analytics,5.84,Acme Corp Billing Profile,cc-2087,5.84,Engineering,Microsoft,rg-acme-sites,Azure Functions,Execution Time,Compute
86.19,8611537,Acme Corp MCA,BillingAccount,EUR,2026-06-01 00:00:00,2026-05-01 00:00:00,,,Usage,,Azure Cosmos DB RU/s Provisioned Throughput,Usage-Based,2026-05-02 00:00:00,2026-05-01 00:00:00,,,,,,,,574.960,100 RU/s Hours,86.19,0.149906,86.19,G019283746,Microsoft,116.19,0.202084,Standard,EUR,574.960,100 RU/s Hours,Microsoft,Microsoft,northeurope,North Europe,/subscriptions/3f1e7c20-0001-4a5b-9c3d-8e2f10a4b6c1/resourcegroups/rg-acme-databaseaccounts/providers/microsoft.documentdb/databaseaccounts/databaseaccounts-0386,databaseaccounts-0386,Microsoft.DocumentDB/databaseAccounts,Databases,Azure Cosmos DB,NoSQL Databases,DZH318Z0BPZ7,RU/s Provisioned Throughput,"{""MeterId"":""DZH318Z0BPZ7"",""TierMinimumUnits"":0}",DZH318Z0BPZ7/RU/s-Provisioned-Throughput,3f1e7c20-0001-4a5b-9c3d-8e2f10a4b6c1,Platform Production,Subscription,"{""Team"":""payments"",""System"":""ledger"",""Environment"":""sandbox""}",Platform Production,93.95,Acme Corp Billing Profile,cc-2087,93.95,Engineering,Microsoft,rg-acme-databaseaccounts,Azure Cosmos DB,RU/s Provisioned Throughput,Databases
0.00,8611537,Acme Corp MCA,BillingAccount,EUR,2026-06-01 00:00:00,2026-05-01 00:00:00,,,Usage,,Virtual Machines usage covered by ri-d4sv5-westeurope-3yr,Usage-Based,2026-05-02 00:00:00,2026-05-01 00:00:00,Usage,/providers/Microsoft.Capacity/reservationOrders/9d4a6c31-77b2-4f0e-9c1a-6b8e2d5f3a10/reservations/4c7f1b8e-2a93-4d6c-8e05-1f7b9a3c6d24,ri-d4sv5-westeurope-3yr,4.000000,Used,Reservation,Hours,22.470,Hours,32.80,1.459724,32.80,G019283746,Microsoft,52.90,2.354250,Committed,EUR,22.470,Hours,Microsoft,Microsoft,eastus,East US,/subscriptions/3f1e7c20-0004-4a5b-9c3d-8e2f10a4b6c4/resourcegroups/rg-acme-virtualmachines/providers/microsoft.compute/virtualmachines/virtualmachines-0917,virtualmachines-0917,Microsoft.Compute/virtualMachines,Compute,Virtual Machines,Virtual Machines,DZH318Z0BQ4P,D4s v5 Compute Hours,"{""MeterId"":""DZH318Z0BQ4P"",""TierMinimumUnits"":0}",DZH318Z0BQ4P/D4s-v5-Compute-Hours,3f1e7c20-0004-4a5b-9c3d-8e2f10a4b6c4,Development Sandbox,Subscription,"{""Team"":""security"",""System"":""event-bus"",""Environment"":""production""}",Development Sandbox,0.00,Acme Corp Billing Profile,cc-2087,35.75,Engineering,Microsoft,rg-acme-virtualmachines,Virtual Machines,D4s v5 Compute Hours,Compute
13.67,8611537,Acme Corp MCA,BillingAccount,EUR,2026-06-01 00:00:00,2026-05-01 00:00:00,,,Usage,,Datadog — Pro Host Hours,Usage-Based,2026-05-02 00:00:00,2026-05-01 00:00:00,,,,,,,,770925.790,Hours,13.67,0.000018,13.67,G019283746,Microsoft,0.00,0.000000,Standard,EUR,770925.790,Hours,Microsoft,Datadog,westeurope,West Europe,/subscriptions/3f1e7c20-0003-4a5b-9c3d-8e2f10a4b6c3/resourcegroups/rg-acme-monitors/providers/datadog.monitor/monitors/monitors-0525,monitors-0525,Datadog.Monitor/monitors,Management and Governance,Datadog Pro,Observability,DZH318Z0C1WY,Pro Host Hours,"{""MeterId"":""DZH318Z0C1WY"",""TierMinimumUnits"":0}",DZH318Z0C1WY/Pro-Host-Hours,3f1e7c20-0003-4a5b-9c3d-8e2f10a4b6c3,Data Analytics,Subscription,"{""Team"":""security"",""System"":""risk-engine"",""Environment"":""production""}",Data Analytics,14.90,Acme Corp Billing Profile,cc-2087,14.90,Engineering,Marketplace,rg-acme-monitors,Datadog Pro,Pro Host Hours,Management and Governance
115.73,8611537,Acme Corp MCA,BillingAccount,EUR,2026-06-01 00:00:00,2026-05-01 00:00:00,,,Usage,,Virtual Machines D4s v5 Compute Hours,Usage-Based,2026-05-03 00:00:00,2026-05-02 00:00:00,,,,,,,,115.190,Hours,115.73,1.004688,115.73,G019283746,Microsoft,158.59,1.376769,Standard,EUR,115.190,Hours,Microsoft,Microsoft,northeurope,North Europe,/subscriptions/3f1e7c20-0004-4a5b-9c3d-8e2f10a4b6c4/resourcegroups/rg-acme-virtualmachines/providers/microsoft.compute/virtualmachines/virtualmachines-0434,virtualmachines-0434,Microsoft.Compute/virtualMachines,Compute,Virtual Machines,Virtual Machines,DZH318Z0BQ4P,D4s v5 Compute Hours,"{""MeterId"":""DZH318Z0BQ4P"",""TierMinimumUnits"":0}",DZH318Z0BQ4P/D4s-v5-Compute-Hours,3f1e7c20-0004-4a5b-9c3d-8e2f10a4b6c4,Development Sandbox,Subscription,"{""Team"":""data-eng"",""System"":""event-bus"",""Environment"":""staging""}",Development Sandbox,126.15,Acme Corp Billing Profile,cc-2087,126.15,Engineering,Microsoft,rg-acme-virtualmachines,Virtual Machines,D4s v5 Compute Hours,Compute
147.07,8611537,Acme Corp MCA,BillingAccount,EUR,2026-06-01 00:00:00,2026-05-01 00:00:00,,,Usage,,Azure Blob Storage Hot LRS Data Stored,Usage-Based,2026-05-03 00:00:00,2026-05-02 00:00:00,,,,,,,,280.090,GB/Month,147.07,0.525081,147.07,G019283746,Microsoft,182.34,0.651005,Standard,EUR,280.090,GB/Month,Microsoft,Microsoft,northeurope,North Europe,/subscriptions/3f1e7c20-0004-4a5b-9c3d-8e2f10a4b6c4/resourcegroups/rg-acme-storageaccounts/providers/microsoft.storage/storageaccounts/storageaccounts-0415,storageaccounts-0415,Microsoft.Storage/storageAccounts,Storage,Azure Blob Storage,Object Storage,DZH318Z0BNZ4,Hot LRS Data Stored,"{""MeterId"":""DZH318Z0BNZ4"",""TierMinimumUnits"":0}",DZH318Z0BNZ4/Hot-LRS-Data-Stored,3f1e7c20-0004-4a5b-9c3d-8e2f10a4b6c4,Development Sandbox,Subscription,{},Development Sandbox,160.31,Acme Corp Billing Profile,cc-2087,160.31,Engineering,Microsoft,rg-acme-storageaccounts,Azure Blob Storage,Hot LRS Data Stored,Storage
92.23,8611537,Acme Corp MCA,BillingAccount,EUR,2026-06-01 00:00:00,2026-05-01 00:00:00,,,Usage,,Azure Cosmos DB RU/s Provisioned Throughput,Usage-Based,2026-05-03 00:00:00,2026-05-02 00:00:00,,,,,,,,61.900,100 RU/s Hours,92.23,1.489984,92.23,G019283746,Microsoft,101.79,1.644426,Standard,EUR,61.900,100 RU/s Hours,Microsoft,Microsoft,northeurope,North Europe,/subscriptions/3f1e7c20-0001-4a5b-9c3d-8e2f10a4b6c1/resourcegroups/rg-acme-databaseaccounts/providers/microsoft.documentdb/databaseaccounts/databaseaccounts-0164,databaseaccounts-0164,Microsoft.DocumentDB/databaseAccounts,Databases,Azure Cosmos DB,NoSQL Databases,DZH318Z0BPZ7,RU/s Provisioned Throughput,"{""MeterId"":""DZH318Z0BPZ7"",""TierMinimumUnits"":0}",DZH318Z0BPZ7/RU/s-Provisioned-Throughput,3f1e7c20-0001-4a5b-9c3d-8e2f10a4b6c1,Platform Production,Subscription,"{""Team"":""payments"",""System"":""event-bus"",""Environment"":""production""}",Platform Production,100.53,Acme Corp Billing Profile,cc-2087,100.53,Engineering,Microsoft,rg-acme-databaseaccounts,Azure Cosmos DB,RU/s Provisioned Throughput,Databases
36.33,8611537,Acme Corp MCA,BillingAccount,EUR,2026-06-01 00:00:00,2026-05-01 00:00:00,,,Usage,,Azure Monitor Data Ingestion,Usage-Based,2026-05-03 00:00:00,2026-05-02 00:00:00,,,,,,,,561.280,GB,36.33,0.064727,36.33,G019283746,Microsoft,40.37,0.071925,Standard,EUR,561.280,GB,Microsoft,Microsoft,northeurope,North Europe,/subscriptions/3f1e7c20-0004-4a5b-9c3d-8e2f10a4b6c4/resourcegroups/rg-acme-workspaces/providers/microsoft.operationalinsights/workspaces/workspaces-0275,workspaces-0275,Microsoft.OperationalInsights/workspaces,Management and Governance,Azure Monitor,Observability,DZH318Z0BS3Q,Data Ingestion,"{""MeterId"":""DZH318Z0BS3Q"",""TierMinimumUnits"":0}",DZH318Z0BS3Q/Data-Ingestion,3f1e7c20-0004-4a5b-9c3d-8e2f10a4b6c4,Development Sandbox,Subscription,"{""Team"":""data-eng"",""System"":""event-bus"",""Environment"":""sandbox""}",Development Sandbox,39.60,Acme Corp Billing Profile,cc-2087,39.60,Engineering,Microsoft,rg-acme-workspaces,Azure Monitor,Data Ingestion,Management and Governance
52.49,8611537,Acme Corp MCA,BillingAccount,EUR,2026-06-01 00:00:00,2026-05-01 00:00:00,,,Usage,,Azure Cosmos DB RU/s Provisioned Throughput,Usage-Based,2026-05-03 00:00:00,2026-05-02 00:00:00,,,,,,,,425.260,100 RU/s Hours,52.49,0.123430,52.49,G019283746,Microsoft,61.93,0.145629,Standard,EUR,425.260,100 RU/s Hours,Microsoft,Microsoft,westeurope,West Europe,/subscriptions/3f1e7c20-0002-4a5b-9c3d-8e2f10a4b6c2/resourcegroups/rg-acme-databaseaccounts/providers/microsoft.documentdb/databaseaccounts/databaseaccounts-0433,databaseaccounts-0433,Microsoft.DocumentDB/databaseAccounts,Databases,Azure Cosmos DB,NoSQL Databases,DZH318Z0BPZ7,RU/s Provisioned Throughput,"{""MeterId"":""DZH318Z0BPZ7"",""TierMinimumUnits"":0}",DZH318Z0BPZ7/RU/s-Provisioned-Throughput,3f1e7c20-0002-4a5b-9c3d-8e2f10a4b6c2,Payments Production,Subscription,{},Payments Production,57.21,Acme Corp Billing Profile,cc-2087,57.21,Engineering,Microsoft,rg-acme-databaseaccounts,Azure Cosmos DB,RU/s Provisioned Throughput,Databases
40.90,8611537,Acme Corp MCA,BillingAccount,EUR,2026-06-01 00:00:00,2026-05-01 00:00:00,,,Usage,,Azure Blob Storage Hot LRS Data Stored,Usage-Based,2026-05-03 00:00:00,2026-05-02 00:00:00,,,,,,,,322.430,GB/Month,40.90,0.126849,40.90,G019283746,Microsoft,50.21,0.155724,Standard,EUR,322.430,GB/Month,Microsoft,Microsoft,northeurope,North Europe,/subscriptions/3f1e7c20-0003-4a5b-9c3d-8e2f10a4b6c3/resourcegroups/rg-acme-storageaccounts/providers/microsoft.storage/storageaccounts/storageaccounts-0220,storageaccounts-0220,Microsoft.Storage/storageAccounts,Storage,Azure Blob Storage,Object Storage,DZH318Z0BNZ4,Hot LRS Data Stored,"{""MeterId"":""DZH318Z0BNZ4"",""TierMinimumUnits"":0}",DZH318Z0BNZ4/Hot-LRS-Data-Stored,3f1e7c20-0003-4a5b-9c3d-8e2f10a4b6c3,Data Analytics,Subscription,"{""Team"":""platform"",""System"":""api-gateway"",""Environment"":""staging""}",Data Analytics,44.58,Acme Corp Billing Profile,cc-2087,44.58,Engineering,Microsoft,rg-acme-storageaccounts,Azure Blob Storage,Hot LRS Data Stored,Storage
0.00,8611537,Acme Corp MCA,BillingAccount,EUR,2026-06-01 00:00:00,2026-05-01 00:00:00,,,Usage,,Virtual Machines usage covered by ri-d4sv5-westeurope-3yr,Usage-Based,2026-05-03 00:00:00,2026-05-02 00:00:00,Usage,/providers/Microsoft.Capacity/reservationOrders/9d4a6c31-77b2-4f0e-9c1a-6b8e2d5f3a10/reservations/4c7f1b8e-2a93-4d6c-8e05-1f7b9a3c6d24,ri-d4sv5-westeurope-3yr,4.000000,Used,Reservation,Hours,22.720,Hours,16.90,0.743838,16.90,G019283746,Microsoft,27.26,1.199824,Committed,EUR,22.720,Hours,Microsoft,Microsoft,eastus,East US,/subscriptions/3f1e7c20-0002-4a5b-9c3d-8e2f10a4b6c2/resourcegroups/rg-acme-virtualmachines/providers/microsoft.compute/virtualmachines/virtualmachines-0908,virtualmachines-0908,Microsoft.Compute/virtualMachines,Compute,Virtual Machines,Virtual Machines,DZH318Z0BQ4P,D4s v5 Compute Hours,"{""MeterId"":""DZH318Z0BQ4P"",""TierMinimumUnits"":0}",DZH318Z0BQ4P/D4s-v5-Compute-Hours,3f1e7c20-0002-4a5b-9c3d-8e2f10a4b6c2,Payments Production,Subscription,"{""Team"":""platform"",""System"":""api-gateway"",""Environment"":""production""}",Payments Production,0.00,Acme Corp Billing Profile,cc-2087,18.42,Engineering,Microsoft,rg-acme-virtualmachines,Virtual Machines,D4s v5 Compute Hours,Compute
29.73,8611537,Acme Corp MCA,BillingAccount,EUR,2026-06-01 00:00:00,2026-05-01 00:00:00,,,Usage,,Datadog — Pro Host Hours,Usage-Based,2026-05-03 00:00:00,2026-05-02 00:00:00,,,,,,,,239057.430,Hours,29.73,0.000124,29.73,G019283746,Microsoft,0.00,0.000000,Standard,EUR,239057.430,Hours,Microsoft,Datadog,westeurope,West Europe,/subscriptions/3f1e7c20-0001-4a5b-9c3d-8e2f10a4b6c1/resourcegroups/rg-acme-monitors/providers/datadog.monitor/monitors/monitors-0541,monitors-0541,Datadog.Monitor/monitors,Management and Governance,Datadog Pro,Observability,DZH318Z0C1WY,Pro Host Hours,"{""MeterId"":""DZH318Z0C1WY"",""TierMinimumUnits"":0}",DZH318Z0C1WY/Pro-Host-Hours,3f1e7c20-0001-4a5b-9c3d-8e2f10a4b6c1,Platform Production,Subscription,"{""Team"":""security"",""System"":""api-gateway"",""Environment"":""production""}",Platform Production,32.41,Acme Corp Billing Profile,cc-2087,32.41,Engineering,Marketplace,rg-acme-monitors,Datadog Pro,Pro Host Hours,Management and Governance
106.39,8611537,Acme Corp MCA,BillingAccount,EUR,2026-06-01 00:00:00,2026-05-01 00:00:00,,,Usage,,Virtual Machines D4s v5 Compute Hours,Usage-Based,2026-05-04 00:00:00,2026-05-03 00:00:00,,,,,,,,234.570,Hours,106.39,0.453553,106.39,G019283746,Microsoft,121.67,0.518694,Standard,EUR,234.570,Hours,Microsoft,Microsoft,southeastasia,Southeast Asia,/subscriptions/3f1e7c20-0001-4a5b-9c3d-8e2f10a4b6c1/resourcegroups/rg-acme-virtualmachines/providers/microsoft.compute/virtualmachines/virtualmachines-0312,virtualmachines-0312,Microsoft.Compute/virtualMachines,Compute,Virtual Machines,Virtual Machines,DZH318Z0BQ4P,D4s v5 Compute Hours,"{""MeterId"":""DZH318Z0BQ4P"",""TierMinimumUnits"":0}",DZH318Z0BQ4P/D4s-v5-Compute-Hours,3f1e7c20-0001-4a5b-9c3d-8e2f10a4b6c1,Platform Production,Subscription,"{""Team"":""payments"",""System"":""api-gateway"",""Environment"":""sandbox""}",Platform Production,115.97,Acme Corp Billing Profile,cc-2087,115.97,Engineering,Microsoft,rg-acme-virtualmachines,Virtual Machines,D4s v5 Compute Hours,Compute
91.41,8611537,Acme Corp MCA,BillingAccount,EUR,2026-06-01 00:00:00,2026-05-01 00:00:00,,,Usage,,Azure SQL Database vCore General Purpose,Usage-Based,2026-05-04 00:00:00,2026-05-03 00:00:00,,,,,,,,12.590,Hours,91.41,7.260524,91.41,G019283746,Microsoft,121.91,9.683082,Standard,EUR,12.590,Hours,Microsoft,Microsoft,southeastasia,Southeast Asia,/subscriptions/3f1e7c20-0003-4a5b-9c3d-8e2f10a4b6c3/resourcegroups/rg-acme-databases/providers/microsoft.sql/databases/databases-0184,databases-0184,Microsoft.Sql/servers/databases,Databases,Azure SQL Database,Relational Databases,DZH318Z0BPZ2,vCore General Purpose,"{""MeterId"":""DZH318Z0BPZ2"",""TierMinimumUnits"":0}",DZH318Z0BPZ2/vCore-General-Purpose,3f1e7c20-0003-4a5b-9c3d-8e2f10a4b6c3,Data Analytics,Subscription,"{""Team"":""platform"",""System"":""ledger"",""Environment"":""sandbox""}",Data Analytics,99.64,Acme Corp Billing Profile,cc-2087,99.64,Engineering,Microsoft,rg-acme-databases,Azure SQL Database,vCore General Purpose,Databases
99.81,8611537,Acme Corp MCA,BillingAccount,EUR,2026-06-01 00:00:00,2026-05-01 00:00:00,,,Usage,,Azure Blob Storage Hot LRS Data Stored,Usage-Based,2026-05-04 00:00:00,2026-05-03 00:00:00,,,,,,,,638.990,GB/Month,99.81,0.156200,99.81,G019283746,Microsoft,135.27,0.211693,Standard,EUR,638.990,GB/Month,Microsoft,Microsoft,northeurope,North Europe,/subscriptions/3f1e7c20-0004-4a5b-9c3d-8e2f10a4b6c4/resourcegroups/rg-acme-storageaccounts/providers/microsoft.storage/storageaccounts/storageaccounts-0488,storageaccounts-0488,Microsoft.Storage/storageAccounts,Storage,Azure Blob Storage,Object Storage,DZH318Z0BNZ4,Hot LRS Data Stored,"{""MeterId"":""DZH318Z0BNZ4"",""TierMinimumUnits"":0}",DZH318Z0BNZ4/Hot-LRS-Data-Stored,3f1e7c20-0004-4a5b-9c3d-8e2f10a4b6c4,Development Sandbox,Subscription,"{""Team"":""data-eng"",""System"":""risk-engine"",""Environment"":""production""}",Development Sandbox,108.79,Acme Corp Billing Profile,cc-2087,108.79,Engineering,Microsoft,rg-acme-storageaccounts,Azure Blob Storage,Hot LRS Data Stored,Storage
59.36,8611537,Acme Corp MCA,BillingAccount,EUR,2026-06-01 00:00:00,2026-05-01 00:00:00,,,Usage,,Virtual Machines D4s v5 Compute Hours,Usage-Based,2026-05-04 00:00:00,2026-05-03 00:00:00,,,,,,,,654.830,Hours,59.36,0.090649,59.36,G019283746,Microsoft,65.05,0.099339,Standard,EUR,654.830,Hours,Microsoft,Microsoft,westus2,West US 2,/subscriptions/3f1e7c20-0004-4a5b-9c3d-8e2f10a4b6c4/resourcegroups/rg-acme-virtualmachines/providers/microsoft.compute/virtualmachines/virtualmachines-0323,virtualmachines-0323,Microsoft.Compute/virtualMachines,Compute,Virtual Machines,Virtual Machines,DZH318Z0BQ4P,D4s v5 Compute Hours,"{""MeterId"":""DZH318Z0BQ4P"",""TierMinimumUnits"":0}",DZH318Z0BQ4P/D4s-v5-Compute-Hours,3f1e7c20-0004-4a5b-9c3d-8e2f10a4b6c4,Development Sandbox,Subscription,"{""Team"":""data-eng"",""System"":""risk-engine"",""Environment"":""sandbox""}",Development Sandbox,64.70,Acme Corp Billing Profile,cc-2087,64.70,Engineering,Microsoft,rg-acme-virtualmachines,Virtual Machines,D4s v5 Compute Hours,Compute
128.27,8611537,Acme Corp MCA,BillingAccount,EUR,2026-06-01 00:00:00,2026-05-01 00:00:00,,,Usage,,Virtual Machines D4s v5 Compute Hours,Usage-Based,2026-05-04 00:00:00,2026-05-03 00:00:00,,,,,,,,513.010,Hours,128.27,0.250034,128.27,G019283746,Microsoft,159.17,0.310267,Standard,EUR,513.010,Hours,Microsoft,Microsoft,northeurope,North Europe,/subscriptions/3f1e7c20-0002-4a5b-9c3d-8e2f10a4b6c2/resourcegroups/rg-acme-virtualmachines/providers/microsoft.compute/virtualmachines/virtualmachines-0317,virtualmachines-0317,Microsoft.Compute/virtualMachines,Compute,Virtual Machines,Virtual Machines,DZH318Z0BQ4P,D4s v5 Compute Hours,"{""MeterId"":""DZH318Z0BQ4P"",""TierMinimumUnits"":0}",DZH318Z0BQ4P/D4s-v5-Compute-Hours,3f1e7c20-0002-4a5b-9c3d-8e2f10a4b6c2,Payments Production,Subscription,"{""Team"":""data-eng"",""System"":""risk-engine"",""Environment"":""production""}",Payments Production,139.81,Acme Corp Billing Profile,cc-2087,139.81,Engineering,Microsoft,rg-acme-virtualmachines,Virtual Machines,D4s v5 Compute Hours,Compute
145.28,8611537,Acme Corp MCA,BillingAccount,EUR,2026-06-01 00:00:00,2026-05-01 00:00:00,,,Usage,,Azure Functions Execution Time,Usage-Based,2026-05-04 00:00:00,2026-05-03 00:00:00,,,,,,,,335.010,GB Seconds,145.28,0.433659,145.28,G019283746,Microsoft,169.36,0.505537,Standard,EUR,335.010,GB Seconds,Microsoft,Microsoft,westeurope,West Europe,/subscriptions/3f1e7c20-0001-4a5b-9c3d-8e2f10a4b6c1/resourcegroups/rg-acme-sites/providers/microsoft.web/sites/sites-0226,sites-0226,Microsoft.Web/sites,Compute,Azure Functions,Serverless Compute,DZH318Z0BQ6R,Execution Time,"{""MeterId"":""DZH318Z0BQ6R"",""TierMinimumUnits"":0}",DZH318Z0BQ6R/Execution-Time,3f1e7c20-0001-4a5b-9c3d-8e2f10a4b6c1,Platform Production,Subscription,"{""Team"":""payments"",""System"":""api-gateway"",""Environment"":""sandbox""}",Platform Production,158.36,Acme Corp Billing Profile,cc-2087,158.36,Engineering,Microsoft,rg-acme-sites,Azure Functions,Execution Time,Compute
0.00,8611537,Acme Corp MCA,BillingAccount,EUR,2026-06-01 00:00:00,2026-05-01 00:00:00,,,Usage,,Virtual Machines usage covered by ri-d4sv5-westeurope-3yr,Usage-Based,2026-05-04 00:00:00,2026-05-03 00:00:00,Usage,/providers/Microsoft.Capacity/reservationOrders/9d4a6c31-77b2-4f0e-9c1a-6b8e2d5f3a10/reservations/4c7f1b8e-2a93-4d6c-8e05-1f7b9a3c6d24,ri-d4sv5-westeurope-3yr,4.000000,Used,Reservation,Hours,21.760,Hours,13.19,0.606158,13.19,G019283746,Microsoft,21.27,0.977482,Committed,EUR,21.760,Hours,Microsoft,Microsoft,eastus,East US,/subscriptions/3f1e7c20-0004-4a5b-9c3d-8e2f10a4b6c4/resourcegroups/rg-acme-virtualmachines/providers/microsoft.compute/virtualmachines/virtualmachines-0910,virtualmachines-0910,Microsoft.Compute/virtualMachines,Compute,Virtual Machines,Virtual Machines,DZH318Z0BQ4P,D4s v5 Compute Hours,"{""MeterId"":""DZH318Z0BQ4P"",""TierMinimumUnits"":0}",DZH318Z0BQ4P/D4s-v5-Compute-Hours,3f1e7c20-0004-4a5b-9c3d-8e2f10a4b6c4,Development Sandbox,Subscription,"{""Team"":""security"",""System"":""api-gateway"",""Environment"":""staging""}",Development Sandbox,0.00,Acme Corp Billing Profile,cc-2087,14.38,Engineering,Microsoft,rg-acme-virtualmachines,Virtual Machines,D4s v5 Compute Hours,Compute
8.86,8611537,Acme Corp MCA,BillingAccount,EUR,2026-06-01 00:00:00,2026-05-01 00:00:00,,,Usage,,Datadog — Pro Host Hours,Usage-Based,2026-05-04 00:00:00,2026-05-03 00:00:00,,,,,,,,291655.450,Hours,8.86,0.000030,8.86,G019283746,Microsoft,0.00,0.000000,Standard,EUR,291655.450,Hours,Microsoft,Datadog,westus2,West US 2,/subscriptions/3f1e7c20-0001-4a5b-9c3d-8e2f10a4b6c1/resourcegroups/rg-acme-monitors/providers/datadog.monitor/monitors/monitors-0526,monitors-0526,Datadog.Monitor/monitors,Management and Governance,Datadog Pro,Observability,DZH318Z0C1WY,Pro Host Hours,"{""MeterId"":""DZH318Z0C1WY"",""TierMinimumUnits"":0}",DZH318Z0C1WY/Pro-Host-Hours,3f1e7c20-0001-4a5b-9c3d-8e2f10a4b6c1,Platform Production,Subscription,"{""Team"":""platform"",""System"":""event-bus"",""Environment"":""staging""}",Platform Production,9.66,Acme Corp Billing Profile,cc-2087,9.66,Engineering,Marketplace,rg-acme-monitors,Datadog Pro,Pro Host Hours,Management and Governance
82.64,8611537,Acme Corp MCA,BillingAccount,EUR,2026-06-01 00:00:00,2026-05-01 00:00:00,,,Usage,,Virtual Machines D4s v5 Compute Hours,Usage-Based,2026-05-05 00:00:00,2026-05-04 00:00:00,,,,,,,,709.070,Hours,82.64,0.116547,82.64,G019283746,Microsoft,96.27,0.135769,Standard,EUR,709.070,Hours,Microsoft,Microsoft,northeurope,North Europe,/subscriptions/3f1e7c20-0003-4a5b-9c3d-8e2f10a4b6c3/resourcegroups/rg-acme-virtualmachines/providers/microsoft.compute/virtualmachines/virtualmachines-0315,virtualmachines-0315,Microsoft.Compute/virtualMachines,Compute,Virtual Machines,Virtual Machines,DZH318Z0BQ4P,D4s v5 Compute Hours,"{""MeterId"":""DZH318Z0BQ4P"",""TierMinimumUnits"":0}",DZH318Z0BQ4P/D4s-v5-Compute-Hours,3f1e7c20-0003-4a5b-9c3d-8e2f10a4b6c3,Data Analytics,Subscription,"{""Team"":""security"",""System"":""api-gateway"",""Environment"":""sandbox""}",Data Analytics,90.08,Acme Corp Billing Profile,cc-2087,90.08,Engineering,Microsoft,rg-acme-virtualmachines,Virtual Machines,D4s v5 Compute Hours,Compute
136.42,8611537,Acme Corp MCA,BillingAccount,EUR,2026-06-01 00:00:00,2026-05-01 00:00:00,,,Usage,,Azure SQL Database vCore General Purpose,Usage-Based,2026-05-05 00:00:00,2026-05-04 00:00:00,,,,,,,,541.480,Hours,136.42,0.251939,136.42,G019283746,Microsoft,168.08,0.310409,Standard,EUR,541.480,Hours,Microsoft,Microsoft,eastus,East US,/subscriptions/3f1e7c20-0002-4a5b-9c3d-8e2f10a4b6c2/resourcegroups/rg-acme-databases/providers/microsoft.sql/databases/databases-0368,databases-0368,Microsoft.Sql/servers/databases,Databases,Azure SQL Database,Relational Databases,DZH318Z0BPZ2,vCore General Purpose,"{""MeterId"":""DZH318Z0BPZ2"",""TierMinimumUnits"":0}",DZH318Z0BPZ2/vCore-General-Purpose,3f1e7c20-0002-4a5b-9c3d-8e2f10a4b6c2,Payments Production,Subscription,"{""Team"":""payments"",""System"":""ledger"",""Environment"":""sandbox""}",Payments Production,148.70,Acme Corp Billing Profile,cc-2087,148.70,Engineering,Microsoft,rg-acme-databases,Azure SQL Database,vCore General Purpose,Databases
111.96,8611537,Acme Corp MCA,BillingAccount,EUR,2026-06-01 00:00:00,2026-05-01 00:00:00,,,Usage,,Virtual Machines D4s v5 Compute Hours,Usage-Based,2026-05-05 00:00:00,2026-05-04 00:00:00,,,,,,,,300.740,Hours,111.96,0.372282,111.96,G019283746,Microsoft,133.77,0.444803,Standard,EUR,300.740,Hours,Microsoft,Microsoft,westus2,West US 2,/subscriptions/3f1e7c20-0003-4a5b-9c3d-8e2f10a4b6c3/resourcegroups/rg-acme-virtualmachines/providers/microsoft.compute/virtualmachines/virtualmachines-0359,virtualmachines-0359,Microsoft.Compute/virtualMachines,Compute,Virtual Machines,Virtual Machines,DZH318Z0BQ4P,D4s v5 Compute Hours,"{""MeterId"":""DZH318Z0BQ4P"",""TierMinimumUnits"":0}",DZH318Z0BQ4P/D4s-v5-Compute-Hours,3f1e7c20-0003-4a5b-9c3d-8e2f10a4b6c3,Data Analytics,Subscription,"{""Team"":""data-eng"",""System"":""event-bus"",""Environment"":""production""}",Data Analytics,122.04,Acme Corp Billing Profile,cc-2087,122.04,Engineering,Microsoft,rg-acme-virtualmachines,Virtual Machines,D4s v5 Compute Hours,Compute
94.72,8611537,Acme Corp MCA,BillingAccount,EUR,2026-06-01 00:00:00,2026-05-01 00:00:00,,,Usage,,Azure SQL Database vCore General Purpose,Usage-Based,2026-05-05 00:00:00,2026-05-04 00:00:00,,,,,,,,341.730,Hours,94.72,0.277178,94.72,G019283746,Microsoft,105.69,0.309279,Standard,EUR,341.730,Hours,Microsoft,Microsoft,northeurope,North Europe,/subscriptions/3f1e7c20-0003-4a5b-9c3d-8e2f10a4b6c3/resourcegroups/rg-acme-databases/providers/microsoft.sql/databases/databases-0257,databases-0257,Microsoft.Sql/servers/databases,Databases,Azure SQL Database,Relational Databases,DZH318Z0BPZ2,vCore General Purpose,"{""MeterId"":""DZH318Z0BPZ2"",""TierMinimumUnits"":0}",DZH318Z0BPZ2/vCore-General-Purpose,3f1e7c20-0003-4a5b-9c3d-8e2f10a4b6c3,Data Analytics,Subscription,"{""Team"":""data-eng"",""System"":""event-bus"",""Environment"":""production""}",Data Analytics,103.24,Acme Corp Billing Profile,cc-2087,103.24,Engineering,Microsoft,rg-acme-databases,Azure SQL Database,vCore General Purpose,Databases
114.15,8611537,Acme Corp MCA,BillingAccount,EUR,2026-06-01 00:00:00,2026-05-01 00:00:00,,,Usage,,Azure Cosmos DB RU/s Provisioned Throughput,Usage-Based,2026-05-05 00:00:00,2026-05-04 00:00:00,,,,,,,,131.850,100 RU/s Hours,114.15,0.865757,114.15,G019283746,Microsoft,136.20,1.032992,Standard,EUR,131.850,100 RU/s Hours,Microsoft,Microsoft,southeastasia,Southeast Asia,/subscriptions/3f1e7c20-0001-4a5b-9c3d-8e2f10a4b6c1/resourcegroups/rg-acme-databaseaccounts/providers/microsoft.documentdb/databaseaccounts/databaseaccounts-0174,databaseaccounts-0174,Microsoft.DocumentDB/databaseAccounts,Databases,Azure Cosmos DB,NoSQL Databases,DZH318Z0BPZ7,RU/s Provisioned Throughput,"{""MeterId"":""DZH318Z0BPZ7"",""TierMinimumUnits"":0}",DZH318Z0BPZ7/RU/s-Provisioned-Throughput,3f1e7c20-0001-4a5b-9c3d-8e2f10a4b6c1,Platform Production,Subscription,"{""Team"":""data-eng"",""System"":""event-bus"",""Environment"":""sandbox""}",Platform Production,124.42,Acme Corp Billing Profile,cc-2087,124.42,Engineering,Microsoft,rg-acme-databaseaccounts,Azure Cosmos DB,RU/s Provisioned Throughput,Databases
46.89,8611537,Acme Corp MCA,BillingAccount,EUR,2026-06-01 00:00:00,2026-05-01 00:00:00,,,Usage,,Azure SQL Database vCore General Purpose,Usage-Based,2026-05-05 00:00:00,2026-05-04 00:00:00,,,,,,,,259.250,Hours,46.89,0.180868,46.89,G019283746,Microsoft,57.45,0.221601,Standard,EUR,259.250,Hours,Microsoft,Microsoft,westus2,West US 2,/subscriptions/3f1e7c20-0004-4a5b-9c3d-8e2f10a4b6c4/resourcegroups/rg-acme-databases/providers/microsoft.sql/databases/databases-0304,databases-0304,Microsoft.Sql/servers/databases,Databases,Azure SQL Database,Relational Databases,DZH318Z0BPZ2,vCore General Purpose,"{""MeterId"":""DZH318Z0BPZ2"",""TierMinimumUnits"":0}",DZH318Z0BPZ2/vCore-General-Purpose,3f1e7c20-0004-4a5b-9c3d-8e2f10a4b6c4,Development Sandbox,Subscription,"{""Team"":""payments"",""System"":""api-gateway"",""Environment"":""production""}",Development Sandbox,51.11,Acme Corp Billing Profile,cc-2087,51.11,Engineering,Microsoft,rg-acme-databases,Azure SQL Database,vCore General Purpose,Databases
0.00,8611537,Acme Corp MCA,BillingAccount,EUR,2026-06-01 00:00:00,2026-05-01 00:00:00,,,Usage,,Virtual Machines usage covered by ri-d4sv5-westeurope-3yr,Usage-Based,2026-05-05 00:00:00,2026-05-04 00:00:00,Usage,/providers/Microsoft.Capacity/reservationOrders/9d4a6c31-77b2-4f0e-9c1a-6b8e2d5f3a10/reservations/4c7f1b8e-2a93-4d6c-8e05-1f7b9a3c6d24,ri-d4sv5-westeurope-3yr,4.000000,Used,Reservation,Hours,16.240,Hours,38.79,2.388547,38.79,G019283746,Microsoft,62.57,3.852833,Committed,EUR,16.240,Hours,Microsoft,Microsoft,eastus,East US,/subscriptions/3f1e7c20-0001-4a5b-9c3d-8e2f10a4b6c1/resourcegroups/rg-acme-virtualmachines/providers/microsoft.compute/virtualmachines/virtualmachines-0900,virtualmachines-0900,Microsoft.Compute/virtualMachines,Compute,Virtual Machines,Virtual Machines,DZH318Z0BQ4P,D4s v5 Compute Hours,"{""MeterId"":""DZH318Z0BQ4P"",""TierMinimumUnits"":0}",DZH318Z0BQ4P/D4s-v5-Compute-Hours,3f1e7c20-0001-4a5b-9c3d-8e2f10a4b6c1,Platform Production,Subscription,"{""Team"":""platform"",""System"":""api-gateway"",""Environment"":""production""}",Platform Production,0.00,Acme Corp Billing Profile,cc-2087,42.28,Engineering,Microsoft,rg-acme-virtualmachines,Virtual Machines,D4s v5 Compute Hours,Compute
3.65,8611537,Acme Corp MCA,BillingAccount,EUR,2026-06-01 00:00:00,2026-05-01 00:00:00,,,Usage,,Datadog — Pro Host Hours,Usage-Based,2026-05-05 00:00:00,2026-05-04 00:00:00,,,,,,,,419428.500,Hours,3.65,0.000009,3.65,G019283746,Microsoft,0.00,0.000000,Standard,EUR,419428.500,Hours,Microsoft,Datadog,southeastasia,Southeast Asia,/subscriptions/3f1e7c20-0002-4a5b-9c3d-8e2f10a4b6c2/resourcegroups/rg-acme-monitors/providers/datadog.monitor/monitors/monitors-0536,monitors-0536,Datadog.Monitor/monitors,Management and Governance,Datadog Pro,Observability,DZH318Z0C1WY,Pro Host Hours,"{""MeterId"":""DZH318Z0C1WY"",""TierMinimumUnits"":0}",DZH318Z0C1WY/Pro-Host-Hours,3f1e7c20-0002-4a5b-9c3d-8e2f10a4b6c2,Payments Production,Subscription,"{""Team"":""security"",""System"":""risk-engine"",""Environment"":""production""}",Payments Production,3.98,Acme Corp Billing Profile,cc-2087,3.98,Engineering,Marketplace,rg-acme-monitors,Datadog Pro,Pro Host Hours,Management and Governance
31.18,8611537,Acme Corp MCA,BillingAccount,EUR,2026-06-01 00:00:00,2026-05-01 00:00:00,,,Usage,,Azure Functions Execution Time,Usage-Based,2026-05-06 00:00:00,2026-05-05 00:00:00,,,,,,,,645.600,GB Seconds,31.18,0.048296,31.18,G019283746,Microsoft,34.22,0.053005,Standard,EUR,645.600,GB Seconds,Microsoft,Microsoft,westeurope,West Europe,/subscriptions/3f1e7c20-0003-4a5b-9c3d-8e2f10a4b6c3/resourcegroups/rg-acme-sites/providers/microsoft.web/sites/sites-0111,sites-0111,Microsoft.Web/sites,Compute,Azure Functions,Serverless Compute,DZH318Z0BQ6R,Execution Time,"{""MeterId"":""DZH318Z0BQ6R"",""TierMinimumUnits"":0}",DZH318Z0BQ6R/Execution-Time,3f1e7c20-0003-4a5b-9c3d-8e2f10a4b6c3,Data Analytics,Subscription,"{""Team"":""data-eng"",""System"":""ledger"",""Environment"":""sandbox""}",Data Analytics,33.99,Acme Corp Billing Profile,cc-2087,33.99,Engineering,Microsoft,rg-acme-sites,Azure Functions,Execution Time,Compute
30.38,8611537,Acme Corp MCA,BillingAccount,EUR,2026-06-01 00:00:00,2026-05-01 00:00:00,,,Usage,,Azure Blob Storage Hot LRS Data Stored,Usage-Based,2026-05-06 00:00:00,2026-05-05 00:00:00,,,,,,,,54.210,GB/Month,30.38,0.560413,30.38,G019283746,Microsoft,36.37,0.670909,Standard,EUR,54.210,GB/Month,Microsoft,Microsoft,eastus,East US,/subscriptions/3f1e7c20-0004-4a5b-9c3d-8e2f10a4b6c4/resourcegroups/rg-acme-storageaccounts/providers/microsoft.storage/storageaccounts/storageaccounts-0310,storageaccounts-0310,Microsoft.Storage/storageAccounts,Storage,Azure Blob Storage,Object Storage,DZH318Z0BNZ4,Hot LRS Data Stored,"{""MeterId"":""DZH318Z0BNZ4"",""TierMinimumUnits"":0}",DZH318Z0BNZ4/Hot-LRS-Data-Stored,3f1e7c20-0004-4a5b-9c3d-8e2f10a4b6c4,Development Sandbox,Subscription,"{""Team"":""platform"",""System"":""risk-engine"",""Environment"":""staging""}",Development Sandbox,33.11,Acme Corp Billing Profile,cc-2087,33.11,Engineering,Microsoft,rg-acme-storageaccounts,Azure Blob Storage,Hot LRS Data Stored,Storage
42.27,8611537,Acme Corp MCA,BillingAccount,EUR,2026-06-01 00:00:00,2026-05-01 00:00:00,,,Usage,,Virtual Machines D4s v5 Compute Hours,Usage-Based,2026-05-06 00:00:00,2026-05-05 00:00:00,,,,,,,,142.910,Hours,42.27,0.295781,42.27,G019283746,Microsoft,48.43,0.338885,Standard,EUR,142.910,Hours,Microsoft,Microsoft,westeurope,West Europe,/subscriptions/3f1e7c20-0004-4a5b-9c3d-8e2f10a4b6c4/resourcegroups/rg-acme-virtualmachines/providers/microsoft.compute/virtualmachines/virtualmachines-0388,virtualmachines-0388,Microsoft.Compute/virtualMachines,Compute,Virtual Machines,Virtual Machines,DZH318Z0BQ4P,D4s v5 Compute Hours,"{""MeterId"":""DZH318Z0BQ4P"",""TierMinimumUnits"":0}",DZH318Z0BQ4P/D4s-v5-Compute-Hours,3f1e7c20-0004-4a5b-9c3d-8e2f10a4b6c4,Development Sandbox,Subscription,{},Development Sandbox,46.07,Acme Corp Billing Profile,cc-2087,46.07,Engineering,Microsoft,rg-acme-virtualmachines,Virtual Machines,D4s v5 Compute Hours,Compute
8.95,8611537,Acme Corp MCA,BillingAccount,EUR,2026-06-01 00:00:00,2026-05-01 00:00:00,,,Usage,,Azure SQL Database vCore General Purpose,Usage-Based,2026-05-06 00:00:00,2026-05-05 00:00:00,,,,,,,,375.460,Hours,8.95,0.023837,8.95,G019283746,Microsoft,11.02,0.029351,Standard,EUR,375.460,Hours,Microsoft,Microsoft,eastus,East US,/subscriptions/3f1e7c20-0002-4a5b-9c3d-8e2f10a4b6c2/resourcegroups/rg-acme-databases/providers/microsoft.sql/databases/databases-0304,databases-0304,Microsoft.Sql/servers/databases,Databases,Azure SQL Database,Relational Databases,DZH318Z0BPZ2,vCore General Purpose,"{""MeterId"":""DZH318Z0BPZ2"",""TierMinimumUnits"":0}",DZH318Z0BPZ2/vCore-General-Purpose,3f1e7c20-0002-4a5b-9c3d-8e2f10a4b6c2,Payments Production,Subscription,"{""Team"":""payments"",""System"":""ledger"",""Environment"":""staging""}",Payments Production,9.76,Acme Corp Billing Profile,cc-2087,9.76,Engineering,Microsoft,rg-acme-databases,Azure SQL Database,vCore General Purpose,Databases
29.30,8611537,Acme Corp MCA,BillingAccount,EUR,2026-06-01 00:00:00,2026-05-01 00:00:00,,,Usage,,Azure SQL Database vCore General Purpose,Usage-Based,2026-05-06 00:00:00,2026-05-05 00:00:00,,,,,,,,661.160,Hours,29.30,0.044316,29.30,G019283746,Microsoft,40.19,0.060787,Standard,EUR,661.160,Hours,Microsoft,Microsoft,southeastasia,Southeast Asia,/subscriptions/3f1e7c20-0003-4a5b-9c3d-8e2f10a4b6c3/resourcegroups/rg-acme-databases/providers/microsoft.sql/databases/databases-0284,databases-0284,Microsoft.Sql/servers/databases,Databases,Azure SQL Database,Relational Databases,DZH318Z0BPZ2,vCore General Purpose,"{""MeterId"":""DZH318Z0BPZ2"",""TierMinimumUnits"":0}",DZH318Z0BPZ2/vCore-General-Purpose,3f1e7c20-0003-4a5b-9c3d-8e2f10a4b6c3,Data Analytics,Subscription,"{""Team"":""payments"",""System"":""risk-engine"",""Environment"":""production""}",Data Analytics,31.94,Acme Corp Billing Profile,cc-2087,31.94,Engineering,Microsoft,rg-acme-databases,Azure SQL Database,vCore General Purpose,Databases
155.98,8611537,Acme Corp MCA,BillingAccount,EUR,2026-06-01 00:00:00,2026-05-01 00:00:00,,,Usage,,Azure SQL Database vCore General Purpose,Usage-Based,2026-05-06 00:00:00,2026-05-05 00:00:00,,,,,,,,601.360,Hours,155.98,0.259379,155.98,G019283746,Microsoft,172.14,0.286251,Standard,EUR,601.360,Hours,Microsoft,Microsoft,eastus,East US,/subscriptions/3f1e7c20-0003-4a5b-9c3d-8e2f10a4b6c3/resourcegroups/rg-acme-databases/providers/microsoft.sql/databases/databases-0297,databases-0297,Microsoft.Sql/servers/databases,Databases,Azure SQL Database,Relational Databases,DZH318Z0BPZ2,vCore General Purpose,"{""MeterId"":""DZH318Z0BPZ2"",""TierMinimumUnits"":0}",DZH318Z0BPZ2/vCore-General-Purpose,3f1e7c20-0003-4a5b-9c3d-8e2f10a4b6c3,Data Analytics,Subscription,"{""Team"":""platform"",""System"":""event-bus"",""Environment"":""production""}",Data Analytics,170.02,Acme Corp Billing Profile,cc-2087,170.02,Engineering,Microsoft,rg-acme-databases,Azure SQL Database,vCore General Purpose,Databases
0.00,8611537,Acme Corp MCA,BillingAccount,EUR,2026-06-01 00:00:00,2026-05-01 00:00:00,,,Usage,,Virtual Machines usage covered by ri-d4sv5-westeurope-3yr,Usage-Based,2026-05-06 00:00:00,2026-05-05 00:00:00,Usage,/providers/Microsoft.Capacity/reservationOrders/9d4a6c31-77b2-4f0e-9c1a-6b8e2d5f3a10/reservations/4c7f1b8e-2a93-4d6c-8e05-1f7b9a3c6d24,ri-d4sv5-westeurope-3yr,4.000000,Used,Reservation,Hours,19.830,Hours,31.29,1.577912,31.29,G019283746,Microsoft,50.47,2.545134,Committed,EUR,19.830,Hours,Microsoft,Microsoft,eastus,East US,/subscriptions/3f1e7c20-0001-4a5b-9c3d-8e2f10a4b6c1/resourcegroups/rg-acme-virtualmachines/providers/microsoft.compute/virtualmachines/virtualmachines-0909,virtualmachines-0909,Microsoft.Compute/virtualMachines,Compute,Virtual Machines,Virtual Machines,DZH318Z0BQ4P,D4s v5 Compute Hours,"{""MeterId"":""DZH318Z0BQ4P"",""TierMinimumUnits"":0}",DZH318Z0BQ4P/D4s-v5-Compute-Hours,3f1e7c20-0001-4a5b-9c3d-8e2f10a4b6c1,Platform Production,Subscription,"{""Team"":""data-eng"",""System"":""risk-engine"",""Environment"":""production""}",Platform Production,0.00,Acme Corp Billing Profile,cc-2087,34.11,Engineering,Microsoft,rg-acme-virtualmachines,Virtual Machines,D4s v5 Compute Hours,Compute
2.54,8611537,Acme Corp MCA,BillingAccount,EUR,2026-06-01 00:00:00,2026-05-01 00:00:00,,,Usage,,Datadog — Pro Host Hours,Usage-Based,2026-05-06 00:00:00,2026-05-05 00:00:00,,,,,,,,707670.110,Hours,2.54,0.000004,2.54,G019283746,Microsoft,0.00,0.000000,Standard,EUR,707670.110,Hours,Microsoft,Datadog,westus2,West US 2,/subscriptions/3f1e7c20-0001-4a5b-9c3d-8e2f10a4b6c1/resourcegroups/rg-acme-monitors/providers/datadog.monitor/monitors/monitors-0502,monitors-0502,Datadog.Monitor/monitors,Management and Governance,Datadog Pro,Observability,DZH318Z0C1WY,Pro Host Hours,"{""MeterId"":""DZH318Z0C1WY"",""TierMinimumUnits"":0}",DZH318Z0C1WY/Pro-Host-Hours,3f1e7c20-0001-4a5b-9c3d-8e2f10a4b6c1,Platform Production,Subscription,"{""Team"":""platform"",""System"":""event-bus"",""Environment"":""production""}",Platform Production,2.77,Acme Corp Billing Profile,cc-2087,2.77,Engineering,Marketplace,rg-acme-monitors,Datadog Pro,Pro Host Hours,Management and Governance
75.87,8611537,Acme Corp MCA,BillingAccount,EUR,2026-06-01 00:00:00,2026-05-01 00:00:00,,,Usage,,Azure Blob Storage Hot LRS Data Stored,Usage-Based,2026-05-07 00:00:00,2026-05-06 00:00:00,,,,,,,,546.760,GB/Month,75.87,0.138763,75.87,G019283746,Microsoft,99.64,0.182237,Standard,EUR,546.760,GB/Month,Microsoft,Microsoft,westus2,West US 2,/subscriptions/3f1e7c20-0003-4a5b-9c3d-8e2f10a4b6c3/resourcegroups/rg-acme-storageaccounts/providers/microsoft.storage/storageaccounts/storageaccounts-0465,storageaccounts-0465,Microsoft.Storage/storageAccounts,Storage,Azure Blob Storage,Object Storage,DZH318Z0BNZ4,Hot LRS Data Stored,"{""MeterId"":""DZH318Z0BNZ4"",""TierMinimumUnits"":0}",DZH318Z0BNZ4/Hot-LRS-Data-Stored,3f1e7c20-0003-4a5b-9c3d-8e2f10a4b6c3,Data Analytics,Subscription,"{""Team"":""payments"",""System"":""risk-engine"",""Environment"":""sandbox""}",Data Analytics,82.70,Acme Corp Billing Profile,cc-2087,82.70,Engineering,Microsoft,rg-acme-storageaccounts,Azure Blob Storage,Hot LRS Data Stored,Storage
28.37,8611537,Acme Corp MCA,BillingAccount,EUR,2026-06-01 00:00:00,2026-05-01 00:00:00,,,Usage,,Azure Cosmos DB RU/s Provisioned Throughput,Usage-Based,2026-05-07 00:00:00,2026-05-06 00:00:00,,,,,,,,455.680,100 RU/s Hours,28.37,0.062259,28.37,G019283746,Microsoft,32.13,0.070510,Standard,EUR,455.680,100 RU/s Hours,Microsoft,Microsoft,northeurope,North Europe,/subscriptions/3f1e7c20-0001-4a5b-9c3d-8e2f10a4b6c1/resourcegroups/rg-acme-databaseaccounts/providers/microsoft.documentdb/databaseaccounts/databaseaccounts-0231,databaseaccounts-0231,Microsoft.DocumentDB/databaseAccounts,Databases,Azure Cosmos DB,NoSQL Databases,DZH318Z0BPZ7,RU/s Provisioned Throughput,"{""MeterId"":""DZH318Z0BPZ7"",""TierMinimumUnits"":0}",DZH318Z0BPZ7/RU/s-Provisioned-Throughput,3f1e7c20-0001-4a5b-9c3d-8e2f10a4b6c1,Platform Production,Subscription,"{""Team"":""platform"",""System"":""risk-engine"",""Environment"":""production""}",Platform Production,30.92,Acme Corp Billing Profile,cc-2087,30.92,Engineering,Microsoft,rg-acme-databaseaccounts,Azure Cosmos DB,RU/s Provisioned Throughput,Databases
114.33,8611537,Acme Corp MCA,BillingAccount,EUR,2026-06-01 00:00:00,2026-05-01 00:00:00,,,Usage,,Azure Monitor Data Ingestion,Usage-Based,2026-05-07 00:00:00,2026-05-06 00:00:00,,,,,,,,641.970,GB,114.33,0.178092,114.33,G019283746,Microsoft,152.24,0.237145,Standard,EUR,641.970,GB,Microsoft,Microsoft,northeurope,North Europe,/subscriptions/3f1e7c20-0004-4a5b-9c3d-8e2f10a4b6c4/resourcegroups/rg-acme-workspaces/providers/microsoft.operationalinsights/workspaces/workspaces-0239,workspaces-0239,Microsoft.OperationalInsights/workspaces,Management and Governance,Azure Monitor,Observability,DZH318Z0BS3Q,Data Ingestion,"{""MeterId"":""DZH318Z0BS3Q"",""TierMinimumUnits"":0}",DZH318Z0BS3Q/Data-Ingestion,3f1e7c20-0004-4a5b-9c3d-8e2f10a4b6c4,Development Sandbox,Subscription,"{""Team"":""data-eng"",""System"":""api-gateway"",""Environment"":""staging""}",Development Sandbox,124.62,Acme Corp Billing Profile,cc-2087,124.62,Engineering,Microsoft,rg-acme-workspaces,Azure Monitor,Data Ingestion,Management and Governance
21.18,8611537,Acme Corp MCA,BillingAccount,EUR,2026-06-01 00:00:00,2026-05-01 00:00:00,,,Usage,,Azure Cosmos DB RU/s Provisioned Throughput,Usage-Based,2026-05-07 00:00:00,2026-05-06 00:00:00,,,,,,,,689.740,100 RU/s Hours,21.18,0.030707,21.18,G019283746,Microsoft,25.26,0.036622,Standard,EUR,689.740,100 RU/s Hours,Microsoft,Microsoft,southeastasia,Southeast Asia,/subscriptions/3f1e7c20-0001-4a5b-9c3d-8e2f10a4b6c1/resourcegroups/rg-acme-databaseaccounts/providers/microsoft.documentdb/databaseaccounts/databaseaccounts-0389,databaseaccounts-0389,Microsoft.DocumentDB/databaseAccounts,Databases,Azure Cosmos DB,NoSQL Databases,DZH318Z0BPZ7,RU/s Provisioned Throughput,"{""MeterId"":""DZH318Z0BPZ7"",""TierMinimumUnits"":0}",DZH318Z0BPZ7/RU/s-Provisioned-Throughput,3f1e7c20-0001-4a5b-9c3d-8e2f10a4b6c1,Platform Production,Subscription,"{""Team"":""payments"",""System"":""ledger"",""Environment"":""sandbox""}",Platform Production,23.09,Acme Corp Billing Profile,cc-2087,23.09,Engineering,Microsoft,rg-acme-databaseaccounts,Azure Cosmos DB,RU/s Provisioned Throughput,Databases
63.96,8611537,Acme Corp MCA,BillingAccount,EUR,2026-06-01 00:00:00,2026-05-01 00:00:00,,,Usage,,Azure Cosmos DB RU/s Provisioned Throughput,Usage-Based,2026-05-07 00:00:00,2026-05-06 00:00:00,,,,,,,,33.160,100 RU/s Hours,63.96,1.928830,63.96,G019283746,Microsoft,78.46,2.366104,Standard,EUR,33.160,100 RU/s Hours,Microsoft,Microsoft,eastus,East US,/subscriptions/3f1e7c20-0004-4a5b-9c3d-8e2f10a4b6c4/resourcegroups/rg-acme-databaseaccounts/providers/microsoft.documentdb/databaseaccounts/databaseaccounts-0427,databaseaccounts-0427,Microsoft.DocumentDB/databaseAccounts,Databases,Azure Cosmos DB,NoSQL Databases,DZH318Z0BPZ7,RU/s Provisioned Throughput,"{""MeterId"":""DZH318Z0BPZ7"",""TierMinimumUnits"":0}",DZH318Z0BPZ7/RU/s-Provisioned-Throughput,3f1e7c20-0004-4a5b-9c3d-8e2f10a4b6c4,Development Sandbox,Subscription,"{""Team"":""security"",""System"":""risk-engine"",""Environment"":""sandbox""}",Development Sandbox,69.72,Acme Corp Billing Profile,cc-2087,69.72,Engineering,Microsoft,rg-acme-databaseaccounts,Azure Cosmos DB,RU/s Provisioned Throughput,Databases
94.55,8611537,Acme Corp MCA,BillingAccount,EUR,2026-06-01 00:00:00,2026-05-01 00:00:00,,,Usage,,Virtual Machines D4s v5 Compute Hours,Usage-Based,2026-05-07 00:00:00,2026-05-06 00:00:00,,,,,,,,629.470,Hours,94.55,0.150206,94.55,G019283746,Microsoft,125.48,0.199342,Standard,EUR,629.470,Hours,Microsoft,Microsoft,westus2,West US 2,/subscriptions/3f1e7c20-0002-4a5b-9c3d-8e2f10a4b6c2/resourcegroups/rg-acme-virtualmachines/providers/microsoft.compute/virtualmachines/virtualmachines-0151,virtualmachines-0151,Microsoft.Compute/virtualMachines,Compute,Virtual Machines,Virtual Machines,DZH318Z0BQ4P,D4s v5 Compute Hours,"{""MeterId"":""DZH318Z0BQ4P"",""TierMinimumUnits"":0}",DZH318Z0BQ4P/D4s-v5-Compute-Hours,3f1e7c20-0002-4a5b-9c3d-8e2f10a4b6c2,Payments Production,Subscription,"{""Team"":""platform"",""System"":""ledger"",""Environment"":""production""}",Payments Production,103.06,Acme Corp Billing Profile,cc-2087,103.06,Engineering,Microsoft,rg-acme-virtualmachines,Virtual Machines,D4s v5 Compute Hours,Compute
0.00,8611537,Acme Corp MCA,BillingAccount,EUR,2026-06-01 00:00:00,2026-05-01 00:00:00,,,Usage,,Virtual Machines usage covered by ri-d4sv5-westeurope-3yr,Usage-Based,2026-05-07 00:00:00,2026-05-06 00:00:00,Usage,/providers/Microsoft.Capacity/reservationOrders/9d4a6c31-77b2-4f0e-9c1a-6b8e2d5f3a10/reservations/4c7f1b8e-2a93-4d6c-8e05-1f7b9a3c6d24,ri-d4sv5-westeurope-3yr,4.000000,Used,Reservation,Hours,22.410,Hours,34.47,1.538153,34.47,G019283746,Microsoft,55.59,2.480589,Committed,EUR,22.410,Hours,Microsoft,Microsoft,eastus,East US,/subscriptions/3f1e7c20-0003-4a5b-9c3d-8e2f10a4b6c3/resourcegroups/rg-acme-virtualmachines/providers/microsoft.compute/virtualmachines/virtualmachines-0907,virtualmachines-0907,Microsoft.Compute/virtualMachines,Compute,Virtual Machines,Virtual Machines,DZH318Z0BQ4P,D4s v5 Compute Hours,"{""MeterId"":""DZH318Z0BQ4P"",""TierMinimumUnits"":0}",DZH318Z0BQ4P/D4s-v5-Compute-Hours,3f1e7c20-0003-4a5b-9c3d-8e2f10a4b6c3,Data Analytics,Subscription,"{""Team"":""data-eng"",""System"":""ledger"",""Environment"":""production""}",Data Analytics,0.00,Acme Corp Billing Profile,cc-2087,37.57,Engineering,Microsoft,rg-acme-virtualmachines,Virtual Machines,D4s v5 Compute Hours,Compute
13.98,8611537,Acme Corp MCA,BillingAccount,EUR,2026-06-01 00:00:00,2026-05-01 00:00:00,,,Usage,,Datadog — Pro Host Hours,Usage-Based,2026-05-07 00:00:00,2026-05-06 00:00:00,,,,,,,,714719.070,Hours,13.98,0.000020,13.98,G019283746,Microsoft,0.00,0.000000,Standard,EUR,714719.070,Hours,Microsoft,Datadog,eastus,East US,/subscriptions/3f1e7c20-0004-4a5b-9c3d-8e2f10a4b6c4/resourcegroups/rg-acme-monitors/providers/datadog.monitor/monitors/monitors-0535,monitors-0535,Datadog.Monitor/monitors,Management and Governance,Datadog Pro,Observability,DZH318Z0C1WY,Pro Host Hours,"{""MeterId"":""DZH318Z0C1WY"",""TierMinimumUnits"":0}",DZH318Z0C1WY/Pro-Host-Hours,3f1e7c20-0004-4a5b-9c3d-8e2f10a4b6c4,Development Sandbox,Subscription,"{""Team"":""data-eng"",""System"":""ledger"",""Environment"":""sandbox""}",Development Sandbox,15.24,Acme Corp Billing Profile,cc-2087,15.24,Engineering,Marketplace,rg-acme-monitors,Datadog Pro,Pro Host Hours,Management and Governance
53.87,8611537,Acme Corp MCA,BillingAccount,EUR,2026-06-01 00:00:00,2026-05-01 00:00:00,,,Usage,,Azure SQL Database vCore General Purpose,Usage-Based,2026-05-08 00:00:00,2026-05-07 00:00:00,,,,,,,,59.970,Hours,53.87,0.898282,53.87,G019283746,Microsoft,62.27,1.038353,Standard,EUR,59.970,Hours,Microsoft,Microsoft,eastus,East US,/subscriptions/3f1e7c20-0001-4a5b-9c3d-8e2f10a4b6c1/resourcegroups/rg-acme-databases/providers/microsoft.sql/databases/databases-0406,databases-0406,Microsoft.Sql/servers/databases,Databases,Azure SQL Database,Relational Databases,DZH318Z0BPZ2,vCore General Purpose,"{""MeterId"":""DZH318Z0BPZ2"",""TierMinimumUnits"":0}",DZH318Z0BPZ2/vCore-General-Purpose,3f1e7c20-0001-4a5b-9c3d-8e2f10a4b6c1,Platform Production,Subscription,"{""Team"":""platform"",""System"":""api-gateway"",""Environment"":""production""}",Platform Production,58.72,Acme Corp Billing Profile,cc-2087,58.72,Engineering,Microsoft,rg-acme-databases,Azure SQL Database,vCore General Purpose,Databases
122.22,8611537,Acme Corp MCA,BillingAccount,EUR,2026-06-01 00:00:00,2026-05-01 00:00:00,,,Usage,,Azure Monitor Data Ingestion,Usage-Based,2026-05-08 00:00:00,2026-05-07 00:00:00,,,,,,,,352.290,GB,122.22,0.346930,122.22,G019283746,Microsoft,144.10,0.409038,Standard,EUR,352.290,GB,Microsoft,Microsoft,eastus,East US,/subscriptions/3f1e7c20-0002-4a5b-9c3d-8e2f10a4b6c2/resourcegroups/rg-acme-workspaces/providers/microsoft.operationalinsights/workspaces/workspaces-0109,workspaces-0109,Microsoft.OperationalInsights/workspaces,Management and Governance,Azure Monitor,Observability,DZH318Z0BS3Q,Data Ingestion,"{""MeterId"":""DZH318Z0BS3Q"",""TierMinimumUnits"":0}",DZH318Z0BS3Q/Data-Ingestion,3f1e7c20-0002-4a5b-9c3d-8e2f10a4b6c2,Payments Production,Subscription,"{""Team"":""platform"",""System"":""event-bus"",""Environment"":""production""}",Payments Production,133.22,Acme Corp Billing Profile,cc-2087,133.22,Engineering,Microsoft,rg-acme-workspaces,Azure Monitor,Data Ingestion,Management and Governance
98.60,8611537,Acme Corp MCA,BillingAccount,EUR,2026-06-01 00:00:00,2026-05-01 00:00:00,,,Usage,,Azure Functions Execution Time,Usage-Based,2026-05-08 00:00:00,2026-05-07 00:00:00,,,,,,,,695.580,GB Seconds,98.60,0.141752,98.60,G019283746,Microsoft,124.62,0.179160,Standard,EUR,695.580,GB Seconds,Microsoft,Microsoft,westeurope,West Europe,/subscriptions/3f1e7c20-0002-4a5b-9c3d-8e2f10a4b6c2/resourcegroups/rg-acme-sites/providers/microsoft.web/sites/sites-0452,sites-0452,Microsoft.Web/sites,Compute,Azure Functions,Serverless Compute,DZH318Z0BQ6R,Execution Time,"{""MeterId"":""DZH318Z0BQ6R"",""TierMinimumUnits"":0}",DZH318Z0BQ6R/Execution-Time,3f1e7c20-0002-4a5b-9c3d-8e2f10a4b6c2,Payments Production,Subscription,"{""Team"":""platform"",""System"":""event-bus"",""Environment"":""production""}",Payments Production,107.47,Acme Corp Billing Profile,cc-2087,107.47,Engineering,Microsoft,rg-acme-sites,Azure Functions,Execution Time,Compute
8.63,8611537,Acme Corp MCA,BillingAccount,EUR,2026-06-01 00:00:00,2026-05-01 00:00:00,,,Usage,,Azure Blob Storage Hot LRS Data Stored,Usage-Based,2026-05-08 00:00:00,2026-05-07 00:00:00,,,,,,,,206.850,GB/Month,8.63,0.041721,8.63,G019283746,Microsoft,10.95,0.052937,Standard,EUR,206.850,GB/Month,Microsoft,Microsoft,eastus,East US,/subscriptions/3f1e7c20-0003-4a5b-9c3d-8e2f10a4b6c3/resourcegroups/rg-acme-storageaccounts/providers/microsoft.storage/storageaccounts/storageaccounts-0467,storageaccounts-0467,Microsoft.Storage/storageAccounts,Storage,Azure Blob Storage,Object Storage,DZH318Z0BNZ4,Hot LRS Data Stored,"{""MeterId"":""DZH318Z0BNZ4"",""TierMinimumUnits"":0}",DZH318Z0BNZ4/Hot-LRS-Data-Stored,3f1e7c20-0003-4a5b-9c3d-8e2f10a4b6c3,Data Analytics,Subscription,"{""Team"":""data-eng"",""System"":""api-gateway"",""Environment"":""production""}",Data Analytics,9.41,Acme Corp Billing Profile,cc-2087,9.41,Engineering,Microsoft,rg-acme-storageaccounts,Azure Blob Storage,Hot LRS Data Stored,Storage
27.44,8611537,Acme Corp MCA,BillingAccount,EUR,2026-06-01 00:00:00,2026-05-01 00:00:00,,,Usage,,Azure SQL Database vCore General Purpose,Usage-Based,2026-05-08 00:00:00,2026-05-07 00:00:00,,,,,,,,342.520,Hours,27.44,0.080112,27.44,G019283746,Microsoft,30.05,0.087732,Standard,EUR,342.520,Hours,Microsoft,Microsoft,westeurope,West Europe,/subscriptions/3f1e7c20-0002-4a5b-9c3d-8e2f10a4b6c2/resourcegroups/rg-acme-databases/providers/microsoft.sql/databases/databases-0320,databases-0320,Microsoft.Sql/servers/databases,Databases,Azure SQL Database,Relational Databases,DZH318Z0BPZ2,vCore General Purpose,"{""MeterId"":""DZH318Z0BPZ2"",""TierMinimumUnits"":0}",DZH318Z0BPZ2/vCore-General-Purpose,3f1e7c20-0002-4a5b-9c3d-8e2f10a4b6c2,Payments Production,Subscription,"{""Team"":""data-eng"",""System"":""risk-engine"",""Environment"":""staging""}",Payments Production,29.91,Acme Corp Billing Profile,cc-2087,29.91,Engineering,Microsoft,rg-acme-databases,Azure SQL Database,vCore General Purpose,Databases
87.20,8611537,Acme Corp MCA,BillingAccount,EUR,2026-06-01 00:00:00,2026-05-01 00:00:00,,,Usage,,Azure SQL Database vCore General Purpose,Usage-Based,2026-05-08 00:00:00,2026-05-07 00:00:00,,,,,,,,617.880,Hours,87.20,0.141128,87.20,G019283746,Microsoft,95.91,0.155224,Standard,EUR,617.880,Hours,Microsoft,Microsoft,westeurope,West Europe,/subscriptions/3f1e7c20-0001-4a5b-9c3d-8e2f10a4b6c1/resourcegroups/rg-acme-databases/providers/microsoft.sql/databases/databases-0290,databases-0290,Microsoft.Sql/servers/databases,Databases,Azure SQL Database,Relational Databases,DZH318Z0BPZ2,vCore General Purpose,"{""MeterId"":""DZH318Z0BPZ2"",""TierMinimumUnits"":0}",DZH318Z0BPZ2/vCore-General-Purpose,3f1e7c20-0001-4a5b-9c3d-8e2f10a4b6c1,Platform Production,Subscription,"{""Team"":""data-eng"",""System"":""ledger"",""Environment"":""production""}",Platform Production,95.05,Acme Corp Billing Profile,cc-2087,95.05,Engineering,Microsoft,rg-acme-databases,Azure SQL Database,vCore General Purpose,Databases
0.00,8611537,Acme Corp MCA,BillingAccount,EUR,2026-06-01 00:00:00,2026-05-01 00:00:00,,,Usage,,Virtual Machines usage covered by ri-d4sv5-westeurope-3yr,Usage-Based,2026-05-08 00:00:00,2026-05-07 00:00:00,Usage,/providers/Microsoft.Capacity/reservationOrders/9d4a6c31-77b2-4f0e-9c1a-6b8e2d5f3a10/reservations/4c7f1b8e-2a93-4d6c-8e05-1f7b9a3c6d24,ri-d4sv5-westeurope-3yr,4.000000,Used,Reservation,Hours,23.720,Hours,24.49,1.032462,24.49,G019283746,Microsoft,39.50,1.665261,Committed,EUR,23.720,Hours,Microsoft,Microsoft,eastus,East US,/subscriptions/3f1e7c20-0001-4a5b-9c3d-8e2f10a4b6c1/resourcegroups/rg-acme-virtualmachines/providers/microsoft.compute/virtualmachines/virtualmachines-0903,virtualmachines-0903,Microsoft.Compute/virtualMachines,Compute,Virtual Machines,Virtual Machines,DZH318Z0BQ4P,D4s v5 Compute Hours,"{""MeterId"":""DZH318Z0BQ4P"",""TierMinimumUnits"":0}",DZH318Z0BQ4P/D4s-v5-Compute-Hours,3f1e7c20-0001-4a5b-9c3d-8e2f10a4b6c1,Platform Production,Subscription,"{""Team"":""platform"",""System"":""event-bus"",""Environment"":""staging""}",Platform Production,0.00,Acme Corp Billing Profile,cc-2087,26.69,Engineering,Microsoft,rg-acme-virtualmachines,Virtual Machines,D4s v5 Compute Hours,Compute
24.70,8611537,Acme Corp MCA,BillingAccount,EUR,2026-06-01 00:00:00,2026-05-01 00:00:00,,,Usage,,Datadog — Pro Host Hours,Usage-Based,2026-05-08 00:00:00,2026-05-07 00:00:00,,,,,,,,78791.830,Hours,24.70,0.000313,24.70,G019283746,Microsoft,0.00,0.000000,Standard,EUR,78791.830,Hours,Microsoft,Datadog,northeurope,North Europe,/subscriptions/3f1e7c20-0002-4a5b-9c3d-8e2f10a4b6c2/resourcegroups/rg-acme-monitors/providers/datadog.monitor/monitors/monitors-0522,monitors-0522,Datadog.Monitor/monitors,Management and Governance,Datadog Pro,Observability,DZH318Z0C1WY,Pro Host Hours,"{""MeterId"":""DZH318Z0C1WY"",""TierMinimumUnits"":0}",DZH318Z0C1WY/Pro-Host-Hours,3f1e7c20-0002-4a5b-9c3d-8e2f10a4b6c2,Payments Production,Subscription,"{""Team"":""security"",""System"":""api-gateway"",""Environment"":""sandbox""}",Payments Production,26.92,Acme Corp Billing Profile,cc-2087,26.92,Engineering,Marketplace,rg-acme-monitors,Datadog Pro,Pro Host Hours,Management and Governance
25.94,8611537,Acme Corp MCA,BillingAccount,EUR,2026-06-01 00:00:00,2026-05-01 00:00:00,,,Usage,,Azure Monitor Data Ingestion,Usage-Based,2026-05-09 00:00:00,2026-05-08 00:00:00,,,,,,,,706.620,GB,25.94,0.036710,25.94,G019283746,Microsoft,34.81,0.049263,Standard,EUR,706.620,GB,Microsoft,Microsoft,northeurope,North Europe,/subscriptions/3f1e7c20-0004-4a5b-9c3d-8e2f10a4b6c4/resourcegroups/rg-acme-workspaces/providers/microsoft.operationalinsights/workspaces/workspaces-0233,workspaces-0233,Microsoft.OperationalInsights/workspaces,Management and Governance,Azure Monitor,Observability,DZH318Z0BS3Q,Data Ingestion,"{""MeterId"":""DZH318Z0BS3Q"",""TierMinimumUnits"":0}",DZH318Z0BS3Q/Data-Ingestion,3f1e7c20-0004-4a5b-9c3d-8e2f10a4b6c4,Development Sandbox,Subscription,"{""Team"":""security"",""System"":""risk-engine"",""Environment"":""production""}",Development Sandbox,28.27,Acme Corp Billing Profile,cc-2087,28.27,Engineering,Microsoft,rg-acme-workspaces,Azure Monitor,Data Ingestion,Management and Governance
35.73,8611537,Acme Corp MCA,BillingAccount,EUR,2026-06-01 00:00:00,2026-05-01 00:00:00,,,Usage,,Azure SQL Database vCore General Purpose,Usage-Based,2026-05-09 00:00:00,2026-05-08 00:00:00,,,,,,,,112.340,Hours,35.73,0.318052,35.73,G019283746,Microsoft,40.92,0.364251,Standard,EUR,112.340,Hours,Microsoft,Microsoft,northeurope,North Europe,/subscriptions/3f1e7c20-0001-4a5b-9c3d-8e2f10a4b6c1/resourcegroups/rg-acme-databases/providers/microsoft.sql/databases/databases-0136,databases-0136,Microsoft.Sql/servers/databases,Databases,Azure SQL Database,Relational Databases,DZH318Z0BPZ2,vCore General Purpose,"{""MeterId"":""DZH318Z0BPZ2"",""TierMinimumUnits"":0}",DZH318Z0BPZ2/vCore-General-Purpose,3f1e7c20-0001-4a5b-9c3d-8e2f10a4b6c1,Platform Production,Subscription,"{""Team"":""data-eng"",""System"":""ledger"",""Environment"":""sandbox""}",Platform Production,38.95,Acme Corp Billing Profile,cc-2087,38.95,Engineering,Microsoft,rg-acme-databases,Azure SQL Database,vCore General Purpose,Databases
101.10,8611537,Acme Corp MCA,BillingAccount,EUR,2026-06-01 00:00:00,2026-05-01 00:00:00,,,Usage,,Virtual Machines D4s v5 Compute Hours,Usage-Based,2026-05-09 00:00:00,2026-05-08 00:00:00,,,,,,,,666.950,Hours,101.10,0.151586,101.10,G019283746,Microsoft,118.21,0.177240,Standard,EUR,666.950,Hours,Microsoft,Microsoft,northeurope,North Europe,/subscriptions/3f1e7c20-0003-4a5b-9c3d-8e2f10a4b6c3/resourcegroups/rg-acme-virtualmachines/providers/microsoft.compute/virtualmachines/virtualmachines-0249,virtualmachines-0249,Microsoft.Compute/virtualMachines,Compute,Virtual Machines,Virtual Machines,DZH318Z0BQ4P,D4s v5 Compute Hours,"{""MeterId"":""DZH318Z0BQ4P"",""TierMinimumUnits"":0}",DZH318Z0BQ4P/D4s-v5-Compute-Hours,3f1e7c20-0003-4a5b-9c3d-8e2f10a4b6c3,Data Analytics,Subscription,"{""Team"":""payments"",""System"":""api-gateway"",""Environment"":""production""}",Data Analytics,110.20,Acme Corp Billing Profile,cc-2087,110.20,Engineering,Microsoft,rg-acme-virtualmachines,Virtual Machines,D4s v5 Compute Hours,Compute
137.17,8611537,Acme Corp MCA,BillingAccount,EUR,2026-06-01 00:00:00,2026-05-01 00:00:00,,,Usage,,Azure Functions Execution Time,Usage-Based,2026-05-09 00:00:00,2026-05-08 00:00:00,,,,,,,,220.530,GB Seconds,137.17,0.622002,137.17,G019283746,Microsoft,155.38,0.704575,Standard,EUR,220.530,GB Seconds,Microsoft,Microsoft,northeurope,North Europe,/subscriptions/3f1e7c20-0003-4a5b-9c3d-8e2f10a4b6c3/resourcegroups/rg-acme-sites/providers/microsoft.web/sites/sites-0168,sites-0168,Microsoft.Web/sites,Compute,Azure Functions,Serverless Compute,DZH318Z0BQ6R,Execution Time,"{""MeterId"":""DZH318Z0BQ6R"",""TierMinimumUnits"":0}",DZH318Z0BQ6R/Execution-Time,3f1e7c20-0003-4a5b-9c3d-8e2f10a4b6c3,Data Analytics,Subscription,"{""Team"":""data-eng"",""System"":""ledger"",""Environment"":""production""}",Data Analytics,149.52,Acme Corp Billing Profile,cc-2087,149.52,Engineering,Microsoft,rg-acme-sites,Azure Functions,Execution Time,Compute
63.53,8611537,Acme Corp MCA,BillingAccount,EUR,2026-06-01 00:00:00,2026-05-01 00:00:00,,,Usage,,Azure Functions Execution Time,Usage-Based,2026-05-09 00:00:00,2026-05-08 00:00:00,,,,,,,,273.370,GB Seconds,63.53,0.232396,63.53,G019283746,Microsoft,72.16,0.263965,Standard,EUR,273.370,GB Seconds,Microsoft,Microsoft,southeastasia,Southeast Asia,/subscriptions/3f1e7c20-0003-4a5b-9c3d-8e2f10a4b6c3/resourcegroups/rg-acme-sites/providers/microsoft.web/sites/sites-0184,sites-0184,Microsoft.Web/sites,Compute,Azure Functions,Serverless Compute,DZH318Z0BQ6R,Execution Time,"{""MeterId"":""DZH318Z0BQ6R"",""TierMinimumUnits"":0}",DZH318Z0BQ6R/Execution-Time,3f1e7c20-0003-4a5b-9c3d-8e2f10a4b6c3,Data Analytics,Subscription,"{""Team"":""platform"",""System"":""event-bus"",""Environment"":""sandbox""}",Data Analytics,69.25,Acme Corp Billing Profile,cc-2087,69.25,Engineering,Microsoft,rg-acme-sites,Azure Functions,Execution Time,Compute
5.12,8611537,Acme Corp MCA,BillingAccount,EUR,2026-06-01 00:00:00,2026-05-01 00:00:00,,,Usage,,Azure Cosmos DB RU/s Provisioned Throughput,Usage-Based,2026-05-09 00:00:00,2026-05-08 00:00:00,,,,,,,,227.210,100 RU/s Hours,5.12,0.022534,5.12,G019283746,Microsoft,6.19,0.027244,Standard,EUR,227.210,100 RU/s Hours,Microsoft,Microsoft,westeurope,West Europe,/subscriptions/3f1e7c20-0002-4a5b-9c3d-8e2f10a4b6c2/resourcegroups/rg-acme-databaseaccounts/providers/microsoft.documentdb/databaseaccounts/databaseaccounts-0147,databaseaccounts-0147,Microsoft.DocumentDB/databaseAccounts,Databases,Azure Cosmos DB,NoSQL Databases,DZH318Z0BPZ7,RU/s Provisioned Throughput,"{""MeterId"":""DZH318Z0BPZ7"",""TierMinimumUnits"":0}",DZH318Z0BPZ7/RU/s-Provisioned-Throughput,3f1e7c20-0002-4a5b-9c3d-8e2f10a4b6c2,Payments Production,Subscription,"{""Team"":""data-eng"",""System"":""ledger"",""Environment"":""staging""}",Payments Production,5.58,Acme Corp Billing Profile,cc-2087,5.58,Engineering,Microsoft,rg-acme-databaseaccounts,Azure Cosmos DB,RU/s Provisioned Throughput,Databases
0.00,8611537,Acme Corp MCA,BillingAccount,EUR,2026-06-01 00:00:00,2026-05-01 00:00:00,,,Usage,,Virtual Machines usage covered by ri-d4sv5-westeurope-3yr,Usage-Based,2026-05-09 00:00:00,2026-05-08 00:00:00,Usage,/providers/Microsoft.Capacity/reservationOrders/9d4a6c31-77b2-4f0e-9c1a-6b8e2d5f3a10/reservations/4c7f1b8e-2a93-4d6c-8e05-1f7b9a3c6d24,ri-d4sv5-westeurope-3yr,4.000000,Used,Reservation,Hours,12.490,Hours,19.73,1.579664,19.73,G019283746,Microsoft,31.83,2.548439,Committed,EUR,12.490,Hours,Microsoft,Microsoft,eastus,East US,/subscriptions/3f1e7c20-0001-4a5b-9c3d-8e2f10a4b6c1/resourcegroups/rg-acme-virtualmachines/providers/microsoft.compute/virtualmachines/virtualmachines-0909,virtualmachines-0909,Microsoft.Compute/virtualMachines,Compute,Virtual Machines,Virtual Machines,DZH318Z0BQ4P,D4s v5 Compute Hours,"{""MeterId"":""DZH318Z0BQ4P"",""TierMinimumUnits"":0}",DZH318Z0BQ4P/D4s-v5-Compute-Hours,3f1e7c20-0001-4a5b-9c3d-8e2f10a4b6c1,Platform Production,Subscription,"{""Team"":""security"",""System"":""ledger"",""Environment"":""sandbox""}",Platform Production,0.00,Acme Corp Billing Profile,cc-2087,21.51,Engineering,Microsoft,rg-acme-virtualmachines,Virtual Machines,D4s v5 Compute Hours,Compute
17.48,8611537,Acme Corp MCA,BillingAccount,EUR,2026-06-01 00:00:00,2026-05-01 00:00:00,,,Usage,,Datadog — Pro Host Hours,Usage-Based,2026-05-09 00:00:00,2026-05-08 00:00:00,,,,,,,,798005.790,Hours,17.48,0.000022,17.48,G019283746,Microsoft,0.00,0.000000,Standard,EUR,798005.790,Hours,Microsoft,Datadog,eastus,East US,/subscriptions/3f1e7c20-0001-4a5b-9c3d-8e2f10a4b6c1/resourcegroups/rg-acme-monitors/providers/datadog.monitor/monitors/monitors-0529,monitors-0529,Datadog.Monitor/monitors,Management and Governance,Datadog Pro,Observability,DZH318Z0C1WY,Pro Host Hours,"{""MeterId"":""DZH318Z0C1WY"",""TierMinimumUnits"":0}",DZH318Z0C1WY/Pro-Host-Hours,3f1e7c20-0001-4a5b-9c3d-8e2f10a4b6c1,Platform Production,Subscription,{},Platform Production,19.05,Acme Corp Billing Profile,cc-2087,19.05,Engineering,Marketplace,rg-acme-monitors,Datadog Pro,Pro Host Hours,Management and Governance
109.35,8611537,Acme Corp MCA,BillingAccount,EUR,2026-06-01 00:00:00,2026-05-01 00:00:00,,,Usage,,Azure Functions Execution Time,Usage-Based,2026-05-10 00:00:00,2026-05-09 00:00:00,,,,,,,,551.490,GB Seconds,109.35,0.198281,109.35,G019283746,Microsoft,141.26,0.256142,Standard,EUR,551.490,GB Seconds,Microsoft,Microsoft,northeurope,North Europe,/subscriptions/3f1e7c20-0004-4a5b-9c3d-8e2f10a4b6c4/resourcegroups/rg-acme-sites/providers/microsoft.web/sites/sites-0136,sites-0136,Microsoft.Web/sites,Compute,Azure Functions,Serverless Compute,DZH318Z0BQ6R,Execution Time,"{""MeterId"":""DZH318Z0BQ6R"",""TierMinimumUnits"":0}",DZH318Z0BQ6R/Execution-Time,3f1e7c20-0004-4a5b-9c3d-8e2f10a4b6c4,Development Sandbox,Subscription,"{""Team"":""platform"",""System"":""risk-engine"",""Environment"":""staging""}",Development Sandbox,119.19,Acme Corp Billing Profile,cc-2087,119.19,Engineering,Microsoft,rg-acme-sites,Azure Functions,Execution Time,Compute
73.70,8611537,Acme Corp MCA,BillingAccount,EUR,2026-06-01 00:00:00,2026-05-01 00:00:00,,,Usage,,Virtual Machines D4s v5 Compute Hours,Usage-Based,2026-05-10 00:00:00,2026-05-09 00:00:00,,,,,,,,27.500,Hours,73.70,2.680000,73.70,G019283746,Microsoft,89.89,3.268727,Standard,EUR,27.500,Hours,Microsoft,Microsoft,northeurope,North Europe,/subscriptions/3f1e7c20-0003-4a5b-9c3d-8e2f10a4b6c3/resourcegroups/rg-acme-virtualmachines/providers/microsoft.compute/virtualmachines/virtualmachines-0437,virtualmachines-0437,Microsoft.Compute/virtualMachines,Compute,Virtual Machines,Virtual Machines,DZH318Z0BQ4P,D4s v5 Compute Hours,"{""MeterId"":""DZH318Z0BQ4P"",""TierMinimumUnits"":0}",DZH318Z0BQ4P/D4s-v5-Compute-Hours,3f1e7c20-0003-4a5b-9c3d-8e2f10a4b6c3,Data Analytics,Subscription,"{""Team"":""platform"",""System"":""risk-engine"",""Environment"":""sandbox""}",Data Analytics,80.33,Acme Corp Billing Profile,cc-2087,80.33,Engineering,Microsoft,rg-acme-virtualmachines,Virtual Machines,D4s v5 Compute Hours,Compute
26.22,8611537,Acme Corp MCA,BillingAccount,EUR,2026-06-01 00:00:00,2026-05-01 00:00:00,,,Usage,,Azure Blob Storage Hot LRS Data Stored,Usage-Based,2026-05-10 00:00:00,2026-05-09 00:00:00,,,,,,,,405.430,GB/Month,26.22,0.064672,26.22,G019283746,Microsoft,31.69,0.078164,Standard,EUR,405.430,GB/Month,Microsoft,Microsoft,westeurope,West Europe,/subscriptions/3f1e7c20-0004-4a5b-9c3d-8e2f10a4b6c4/resourcegroups/rg-acme-storageaccounts/providers/microsoft.storage/storageaccounts/storageaccounts-0449,storageaccounts-0449,Microsoft.Storage/storageAccounts,Storage,Azure Blob Storage,Object Storage,DZH318Z0BNZ4,Hot LRS Data Stored,"{""MeterId"":""DZH318Z0BNZ4"",""TierMinimumUnits"":0}",DZH318Z0BNZ4/Hot-LRS-Data-Stored,3f1e7c20-0004-4a5b-9c3d-8e2f10a4b6c4,Development Sandbox,Subscription,{},Development Sandbox,28.58,Acme Corp Billing Profile,cc-2087,28.58,Engineering,Microsoft,rg-acme-storageaccounts,Azure Blob Storage,Hot LRS Data Stored,Storage
138.78,8611537,Acme Corp MCA,BillingAccount,EUR,2026-06-01 00:00:00,2026-05-01 00:00:00,,,Usage,,Azure SQL Database vCore General Purpose,Usage-Based,2026-05-10 00:00:00,2026-05-09 00:00:00,,,,,,,,563.770,Hours,138.78,0.246164,138.78,G019283746,Microsoft,180.25,0.319723,Standard,EUR,563.770,Hours,Microsoft,Microsoft,southeastasia,Southeast Asia,/subscriptions/3f1e7c20-0002-4a5b-9c3d-8e2f10a4b6c2/resourcegroups/rg-acme-databases/providers/microsoft.sql/databases/databases-0218,databases-0218,Microsoft.Sql/servers/databases,Databases,Azure SQL Database,Relational Databases,DZH318Z0BPZ2,vCore General Purpose,"{""MeterId"":""DZH318Z0BPZ2"",""TierMinimumUnits"":0}",DZH318Z0BPZ2/vCore-General-Purpose,3f1e7c20-0002-4a5b-9c3d-8e2f10a4b6c2,Payments Production,Subscription,"{""Team"":""data-eng"",""System"":""risk-engine"",""Environment"":""sandbox""}",Payments Production,151.27,Acme Corp Billing Profile,cc-2087,151.27,Engineering,Microsoft,rg-acme-databases,Azure SQL Database,vCore General Purpose,Databases
103.91,8611537,Acme Corp MCA,BillingAccount,EUR,2026-06-01 00:00:00,2026-05-01 00:00:00,,,Usage,,Azure Monitor Data Ingestion,Usage-Based,2026-05-10 00:00:00,2026-05-09 00:00:00,,,,,,,,342.570,GB,103.91,0.303325,103.91,G019283746,Microsoft,129.27,0.377354,Standard,EUR,342.570,GB,Microsoft,Microsoft,eastus,East US,/subscriptions/3f1e7c20-0003-4a5b-9c3d-8e2f10a4b6c3/resourcegroups/rg-acme-workspaces/providers/microsoft.operationalinsights/workspaces/workspaces-0295,workspaces-0295,Microsoft.OperationalInsights/workspaces,Management and Governance,Azure Monitor,Observability,DZH318Z0BS3Q,Data Ingestion,"{""MeterId"":""DZH318Z0BS3Q"",""TierMinimumUnits"":0}",DZH318Z0BS3Q/Data-Ingestion,3f1e7c20-0003-4a5b-9c3d-8e2f10a4b6c3,Data Analytics,Subscription,"{""Team"":""data-eng"",""System"":""event-bus"",""Environment"":""staging""}",Data Analytics,113.26,Acme Corp Billing Profile,cc-2087,113.26,Engineering,Microsoft,rg-acme-workspaces,Azure Monitor,Data Ingestion,Management and Governance
72.56,8611537,Acme Corp MCA,BillingAccount,EUR,2026-06-01 00:00:00,2026-05-01 00:00:00,,,Usage,,Azure Monitor Data Ingestion,Usage-Based,2026-05-10 00:00:00,2026-05-09 00:00:00,,,,,,,,627.740,GB,72.56,0.115589,72.56,G019283746,Microsoft,83.82,0.133527,Standard,EUR,627.740,GB,Microsoft,Microsoft,northeurope,North Europe,/subscriptions/3f1e7c20-0004-4a5b-9c3d-8e2f10a4b6c4/resourcegroups/rg-acme-workspaces/providers/microsoft.operationalinsights/workspaces/workspaces-0257,workspaces-0257,Microsoft.OperationalInsights/workspaces,Management and Governance,Azure Monitor,Observability,DZH318Z0BS3Q,Data Ingestion,"{""MeterId"":""DZH318Z0BS3Q"",""TierMinimumUnits"":0}",DZH318Z0BS3Q/Data-Ingestion,3f1e7c20-0004-4a5b-9c3d-8e2f10a4b6c4,Development Sandbox,Subscription,"{""Team"":""platform"",""System"":""risk-engine"",""Environment"":""staging""}",Development Sandbox,79.09,Acme Corp Billing Profile,cc-2087,79.09,Engineering,Microsoft,rg-acme-workspaces,Azure Monitor,Data Ingestion,Management and Governance
0.00,8611537,Acme Corp MCA,BillingAccount,EUR,2026-06-01 00:00:00,2026-05-01 00:00:00,,,Usage,,Virtual Machines usage covered by ri-d4sv5-westeurope-3yr,Usage-Based,2026-05-10 00:00:00,2026-05-09 00:00:00,Usage,/providers/Microsoft.Capacity/reservationOrders/9d4a6c31-77b2-4f0e-9c1a-6b8e2d5f3a10/reservations/4c7f1b8e-2a93-4d6c-8e05-1f7b9a3c6d24,ri-d4sv5-westeurope-3yr,4.000000,Used,Reservation,Hours,22.920,Hours,27.04,1.179756,27.04,G019283746,Microsoft,43.61,1.902705,Committed,EUR,22.920,Hours,Microsoft,Microsoft,eastus,East US,/subscriptions/3f1e7c20-0001-4a5b-9c3d-8e2f10a4b6c1/resourcegroups/rg-acme-virtualmachines/providers/microsoft.compute/virtualmachines/virtualmachines-0906,virtualmachines-0906,Microsoft.Compute/virtualMachines,Compute,Virtual Machines,Virtual Machines,DZH318Z0BQ4P,D4s v5 Compute Hours,"{""MeterId"":""DZH318Z0BQ4P"",""TierMinimumUnits"":0}",DZH318Z0BQ4P/D4s-v5-Compute-Hours,3f1e7c20-0001-4a5b-9c3d-8e2f10a4b6c1,Platform Production,Subscription,"{""Team"":""data-eng"",""System"":""ledger"",""Environment"":""staging""}",Platform Production,0.00,Acme Corp Billing Profile,cc-2087,29.47,Engineering,Microsoft,rg-acme-virtualmachines,Virtual Machines,D4s v5 Compute Hours,Compute
26.29,8611537,Acme Corp MCA,BillingAccount,EUR,2026-06-01 00:00:00,2026-05-01 00:00:00,,,Usage,,Datadog — Pro Host Hours,Usage-Based,2026-05-10 00:00:00,2026-05-09 00:00:00,,,,,,,,827622.540,Hours,26.29,0.000032,26.29,G019283746,Microsoft,0.00,0.000000,Standard,EUR,827622.540,Hours,Microsoft,Datadog,westeurope,West Europe,/subscriptions/3f1e7c20-0001-4a5b-9c3d-8e2f10a4b6c1/resourcegroups/rg-acme-monitors/providers/datadog.monitor/monitors/monitors-0507,monitors-0507,Datadog.Monitor/monitors,Management and Governance,Datadog Pro,Observability,DZH318Z0C1WY,Pro Host Hours,"{""MeterId"":""DZH318Z0C1WY"",""TierMinimumUnits"":0}",DZH318Z0C1WY/Pro-Host-Hours,3f1e7c20-0001-4a5b-9c3d-8e2f10a4b6c1,Platform Production,Subscription,"{""Team"":""security"",""System"":""ledger"",""Environment"":""sandbox""}",Platform Production,28.66,Acme Corp Billing Profile,cc-2087,28.66,Engineering,Marketplace,rg-acme-monitors,Datadog Pro,Pro Host Hours,Management and Governance
120.29,8611537,Acme Corp MCA,BillingAccount,EUR,2026-06-01 00:00:00,2026-05-01 00:00:00,,,Usage,,Azure SQL Database vCore General Purpose,Usage-Based,2026-05-11 00:00:00,2026-05-10 00:00:00,,,,,,,,358.760,Hours,120.29,0.335294,120.29,G019283746,Microsoft,137.44,0.383097,Standard,EUR,358.760,Hours,Microsoft,Microsoft,westeurope,West Europe,/subscriptions/3f1e7c20-0001-4a5b-9c3d-8e2f10a4b6c1/resourcegroups/rg-acme-databases/providers/microsoft.sql/databases/databases-0169,databases-0169,Microsoft.Sql/servers/databases,Databases,Azure SQL Database,Relational Databases,DZH318Z0BPZ2,vCore General Purpose,"{""MeterId"":""DZH318Z0BPZ2"",""TierMinimumUnits"":0}",DZH318Z0BPZ2/vCore-General-Purpose,3f1e7c20-0001-4a5b-9c3d-8e2f10a4b6c1,Platform Production,Subscription,"{""Team"":""data-eng"",""System"":""ledger"",""Environment"":""sandbox""}",Platform Production,131.12,Acme Corp Billing Profile,cc-2087,131.12,Engineering,Microsoft,rg-acme-databases,Azure SQL Database,vCore General Purpose,Databases
78.14,8611537,Acme Corp MCA,BillingAccount,EUR,2026-06-01 00:00:00,2026-05-01 00:00:00,,,Usage,,Azure Monitor Data Ingestion,Usage-Based,2026-05-11 00:00:00,2026-05-10 00:00:00,,,,,,,,283.390,GB,78.14,0.275733,78.14,G019283746,Microsoft,93.17,0.328770,Standard,EUR,283.390,GB,Microsoft,Microsoft,southeastasia,Southeast Asia,/subscriptions/3f1e7c20-0004-4a5b-9c3d-8e2f10a4b6c4/resourcegroups/rg-acme-workspaces/providers/microsoft.operationalinsights/workspaces/workspaces-0110,workspaces-0110,Microsoft.OperationalInsights/workspaces,Management and Governance,Azure Monitor,Observability,DZH318Z0BS3Q,Data Ingestion,"{""MeterId"":""DZH318Z0BS3Q"",""TierMinimumUnits"":0}",DZH318Z0BS3Q/Data-Ingestion,3f1e7c20-0004-4a5b-9c3d-8e2f10a4b6c4,Development Sandbox,Subscription,"{""Team"":""platform"",""System"":""risk-engine"",""Environment"":""staging""}",Development Sandbox,85.17,Acme Corp Billing Profile,cc-2087,85.17,Engineering,Microsoft,rg-acme-workspaces,Azure Monitor,Data Ingestion,Management and Governance
119.01,8611537,Acme Corp MCA,BillingAccount,EUR,2026-06-01 00:00:00,2026-05-01 00:00:00,,,Usage,,Azure Functions Execution Time,Usage-Based,2026-05-11 00:00:00,2026-05-10 00:00:00,,,,,,,,55.970,GB Seconds,119.01,2.126318,119.01,G019283746,Microsoft,160.46,2.866893,Standard,EUR,55.970,GB Seconds,Microsoft,Microsoft,westeurope,West Europe,/subscriptions/3f1e7c20-0003-4a5b-9c3d-8e2f10a4b6c3/resourcegroups/rg-acme-sites/providers/microsoft.web/sites/sites-0410,sites-0410,Microsoft.Web/sites,Compute,Azure Functions,Serverless Compute,DZH318Z0BQ6R,Execution Time,"{""MeterId"":""DZH318Z0BQ6R"",""TierMinimumUnits"":0}",DZH318Z0BQ6R/Execution-Time,3f1e7c20-0003-4a5b-9c3d-8e2f10a4b6c3,Data Analytics,Subscription,"{""Team"":""platform"",""System"":""api-gateway"",""Environment"":""staging""}",Data Analytics,129.72,Acme Corp Billing Profile,cc-2087,129.72,Engineering,Microsoft,rg-acme-sites,Azure Functions,Execution Time,Compute
106.86,8611537,Acme Corp MCA,BillingAccount,EUR,2026-06-01 00:00:00,2026-05-01 00:00:00,,,Usage,,Virtual Machines D4s v5 Compute Hours,Usage-Based,2026-05-11 00:00:00,2026-05-10 00:00:00,,,,,,,,585.400,Hours,106.86,0.182542,106.86,G019283746,Microsoft,117.07,0.199983,Standard,EUR,585.400,Hours,Microsoft,Microsoft,southeastasia,Southeast Asia,/subscriptions/3f1e7c20-0002-4a5b-9c3d-8e2f10a4b6c2/resourcegroups/rg-acme-virtualmachines/providers/microsoft.compute/virtualmachines/virtualmachines-0403,virtualmachines-0403,Microsoft.Compute/virtualMachines,Compute,Virtual Machines,Virtual Machines,DZH318Z0BQ4P,D4s v5 Compute Hours,"{""MeterId"":""DZH318Z0BQ4P"",""TierMinimumUnits"":0}",DZH318Z0BQ4P/D4s-v5-Compute-Hours,3f1e7c20-0002-4a5b-9c3d-8e2f10a4b6c2,Payments Production,Subscription,"{""Team"":""data-eng"",""System"":""event-bus"",""Environment"":""production""}",Payments Production,116.48,Acme Corp Billing Profile,cc-2087,116.48,Engineering,Microsoft,rg-acme-virtualmachines,Virtual Machines,D4s v5 Compute Hours,Compute
34.49,8611537,Acme Corp MCA,BillingAccount,EUR,2026-06-01 00:00:00,2026-05-01 00:00:00,,,Usage,,Azure Monitor Data Ingestion,Usage-Based,2026-05-11 00:00:00,2026-05-10 00:00:00,,,,,,,,84.950,GB,34.49,0.406004,34.49,G019283746,Microsoft,38.74,0.456033,Standard,EUR,84.950,GB,Microsoft,Microsoft,southeastasia,Southeast Asia,/subscriptions/3f1e7c20-0004-4a5b-9c3d-8e2f10a4b6c4/resourcegroups/rg-acme-workspaces/providers/microsoft.operationalinsights/workspaces/workspaces-0368,workspaces-0368,Microsoft.OperationalInsights/workspaces,Management and Governance,Azure Monitor,Observability,DZH318Z0BS3Q,Data Ingestion,"{""MeterId"":""DZH318Z0BS3Q"",""TierMinimumUnits"":0}",DZH318Z0BS3Q/Data-Ingestion,3f1e7c20-0004-4a5b-9c3d-8e2f10a4b6c4,Development Sandbox,Subscription,"{""Team"":""data-eng"",""System"":""risk-engine"",""Environment"":""production""}",Development Sandbox,37.59,Acme Corp Billing Profile,cc-2087,37.59,Engineering,Microsoft,rg-acme-workspaces,Azure Monitor,Data Ingestion,Management and Governance
142.86,8611537,Acme Corp MCA,BillingAccount,EUR,2026-06-01 00:00:00,2026-05-01 00:00:00,,,Usage,,Azure Functions Execution Time,Usage-Based,2026-05-11 00:00:00,2026-05-10 00:00:00,,,,,,,,440.400,GB Seconds,142.86,0.324387,142.86,G019283746,Microsoft,172.21,0.391031,Standard,EUR,440.400,GB Seconds,Microsoft,Microsoft,southeastasia,Southeast Asia,/subscriptions/3f1e7c20-0003-4a5b-9c3d-8e2f10a4b6c3/resourcegroups/rg-acme-sites/providers/microsoft.web/sites/sites-0269,sites-0269,Microsoft.Web/sites,Compute,Azure Functions,Serverless Compute,DZH318Z0BQ6R,Execution Time,"{""MeterId"":""DZH318Z0BQ6R"",""TierMinimumUnits"":0}",DZH318Z0BQ6R/Execution-Time,3f1e7c20-0003-4a5b-9c3d-8e2f10a4b6c3,Data Analytics,Subscription,"{""Team"":""security"",""System"":""event-bus"",""Environment"":""production""}",Data Analytics,155.72,Acme Corp Billing Profile,cc-2087,155.72,Engineering,Microsoft,rg-acme-sites,Azure Functions,Execution Time,Compute
0.00,8611537,Acme Corp MCA,BillingAccount,EUR,2026-06-01 00:00:00,2026-05-01 00:00:00,,,Usage,,Virtual Machines usage covered by ri-d4sv5-westeurope-3yr,Usage-Based,2026-05-11 00:00:00,2026-05-10 00:00:00,Usage,/providers/Microsoft.Capacity/reservationOrders/9d4a6c31-77b2-4f0e-9c1a-6b8e2d5f3a10/reservations/4c7f1b8e-2a93-4d6c-8e05-1f7b9a3c6d24,ri-d4sv5-westeurope-3yr,4.000000,Used,Reservation,Hours,16.320,Hours,23.32,1.428922,23.32,G019283746,Microsoft,37.62,2.305147,Committed,EUR,16.320,Hours,Microsoft,Microsoft,eastus,East US,/subscriptions/3f1e7c20-0004-4a5b-9c3d-8e2f10a4b6c4/resourcegroups/rg-acme-virtualmachines/providers/microsoft.compute/virtualmachines/virtualmachines-0908,virtualmachines-0908,Microsoft.Compute/virtualMachines,Compute,Virtual Machines,Virtual Machines,DZH318Z0BQ4P,D4s v5 Compute Hours,"{""MeterId"":""DZH318Z0BQ4P"",""TierMinimumUnits"":0}",DZH318Z0BQ4P/D4s-v5-Compute-Hours,3f1e7c20-0004-4a5b-9c3d-8e2f10a4b6c4,Development Sandbox,Subscription,"{""Team"":""payments"",""System"":""ledger"",""Environment"":""sandbox""}",Development Sandbox,0.00,Acme Corp Billing Profile,cc-2087,25.42,Engineering,Microsoft,rg-acme-virtualmachines,Virtual Machines,D4s v5 Compute Hours,Compute
22.87,8611537,Acme Corp MCA,BillingAccount,EUR,2026-06-01 00:00:00,2026-05-01 00:00:00,,,Usage,,Datadog — Pro Host Hours,Usage-Based,2026-05-11 00:00:00,2026-05-10 00:00:00,,,,,,,,94580.660,Hours,22.87,0.000242,22.87,G019283746,Microsoft,0.00,0.000000,Standard,EUR,94580.660,Hours,Microsoft,Datadog,northeurope,North Europe,/subscriptions/3f1e7c20-0003-4a5b-9c3d-8e2f10a4b6c3/resourcegroups/rg-acme-monitors/providers/datadog.monitor/monitors/monitors-0510,monitors-0510,Datadog.Monitor/monitors,Management and Governance,Datadog Pro,Observability,DZH318Z0C1WY,Pro Host Hours,"{""MeterId"":""DZH318Z0C1WY"",""TierMinimumUnits"":0}",DZH318Z0C1WY/Pro-Host-Hours,3f1e7c20-0003-4a5b-9c3d-8e2f10a4b6c3,Data Analytics,Subscription,"{""Team"":""data-eng"",""System"":""ledger"",""Environment"":""sandbox""}",Data Analytics,24.93,Acme Corp Billing Profile,cc-2087,24.93,Engineering,Marketplace,rg-acme-monitors,Datadog Pro,Pro Host Hours,Management and Governance
92.90,8611537,Acme Corp MCA,BillingAccount,EUR,2026-06-01 00:00:00,2026-05-01 00:00:00,,,Usage,,Virtual Machines D4s v5 Compute Hours,Usage-Based,2026-05-12 00:00:00,2026-05-11 00:00:00,,,,,,,,70.790,Hours,92.90,1.312332,92.90,G019283746,Microsoft,107.54,1.519141,Standard,EUR,70.790,Hours,Microsoft,Microsoft,northeurope,North Europe,/subscriptions/3f1e7c20-0004-4a5b-9c3d-8e2f10a4b6c4/resourcegroups/rg-acme-virtualmachines/providers/microsoft.compute/virtualmachines/virtualmachines-0202,virtualmachines-0202,Microsoft.Compute/virtualMachines,Compute,Virtual Machines,Virtual Machines,DZH318Z0BQ4P,D4s v5 Compute Hours,"{""MeterId"":""DZH318Z0BQ4P"",""TierMinimumUnits"":0}",DZH318Z0BQ4P/D4s-v5-Compute-Hours,3f1e7c20-0004-4a5b-9c3d-8e2f10a4b6c4,Development Sandbox,Subscription,"{""Team"":""payments"",""System"":""ledger"",""Environment"":""staging""}",Development Sandbox,101.26,Acme Corp Billing Profile,cc-2087,101.26,Engineering,Microsoft,rg-acme-virtualmachines,Virtual Machines,D4s v5 Compute Hours,Compute
11.54,8611537,Acme Corp MCA,BillingAccount,EUR,2026-06-01 00:00:00,2026-05-01 00:00:00,,,Usage,,Azure Monitor Data Ingestion,Usage-Based,2026-05-12 00:00:00,2026-05-11 00:00:00,,,,,,,,190.550,GB,11.54,0.060562,11.54,G019283746,Microsoft,12.72,0.066754,Standard,EUR,190.550,GB,Microsoft,Microsoft,westus2,West US 2,/subscriptions/3f1e7c20-0001-4a5b-9c3d-8e2f10a4b6c1/resourcegroups/rg-acme-workspaces/providers/microsoft.operationalinsights/workspaces/workspaces-0475,workspaces-0475,Microsoft.OperationalInsights/workspaces,Management and Governance,Azure Monitor,Observability,DZH318Z0BS3Q,Data Ingestion,"{""MeterId"":""DZH318Z0BS3Q"",""TierMinimumUnits"":0}",DZH318Z0BS3Q/Data-Ingestion,3f1e7c20-0001-4a5b-9c3d-8e2f10a4b6c1,Platform Production,Subscription,"{""Team"":""platform"",""System"":""risk-engine"",""Environment"":""production""}",Platform Production,12.58,Acme Corp Billing Profile,cc-2087,12.58,Engineering,Microsoft,rg-acme-workspaces,Azure Monitor,Data Ingestion,Management and Governance
27.14,8611537,Acme Corp MCA,BillingAccount,EUR,2026-06-01 00:00:00,2026-05-01 00:00:00,,,Usage,,Virtual Machines D4s v5 Compute Hours,Usage-Based,2026-05-12 00:00:00,2026-05-11 00:00:00,,,,,,,,71.590,Hours,27.14,0.379103,27.14,G019283746,Microsoft,36.49,0.509708,Standard,EUR,71.590,Hours,Microsoft,Microsoft,southeastasia,Southeast Asia,/subscriptions/3f1e7c20-0002-4a5b-9c3d-8e2f10a4b6c2/resourcegroups/rg-acme-virtualmachines/providers/microsoft.compute/virtualmachines/virtualmachines-0235,virtualmachines-0235,Microsoft.Compute/virtualMachines,Compute,Virtual Machines,Virtual Machines,DZH318Z0BQ4P,D4s v5 Compute Hours,"{""MeterId"":""DZH318Z0BQ4P"",""TierMinimumUnits"":0}",DZH318Z0BQ4P/D4s-v5-Compute-Hours,3f1e7c20-0002-4a5b-9c3d-8e2f10a4b6c2,Payments Production,Subscription,{},Payments Production,29.58,Acme Corp Billing Profile,cc-2087,29.58,Engineering,Microsoft,rg-acme-virtualmachines,Virtual Machines,D4s v5 Compute Hours,Compute
32.92,8611537,Acme Corp MCA,BillingAccount,EUR,2026-06-01 00:00:00,2026-05-01 00:00:00,,,Usage,,Azure SQL Database vCore General Purpose,Usage-Based,2026-05-12 00:00:00,2026-05-11 00:00:00,,,,,,,,140.420,Hours,32.92,0.234440,32.92,G019283746,Microsoft,44.62,0.317761,Standard,EUR,140.420,Hours,Microsoft,Microsoft,westus2,West US 2,/subscriptions/3f1e7c20-0002-4a5b-9c3d-8e2f10a4b6c2/resourcegroups/rg-acme-databases/providers/microsoft.sql/databases/databases-0328,databases-0328,Microsoft.Sql/servers/databases,Databases,Azure SQL Database,Relational Databases,DZH318Z0BPZ2,vCore General Purpose,"{""MeterId"":""DZH318Z0BPZ2"",""TierMinimumUnits"":0}",DZH318Z0BPZ2/vCore-General-Purpose,3f1e7c20-0002-4a5b-9c3d-8e2f10a4b6c2,Payments Production,Subscription,"{""Team"":""security"",""System"":""api-gateway"",""Environment"":""sandbox""}",Payments Production,35.88,Acme Corp Billing Profile,cc-2087,35.88,Engineering,Microsoft,rg-acme-databases,Azure SQL Database,vCore General Purpose,Databases
11.82,8611537,Acme Corp MCA,BillingAccount,EUR,2026-06-01 00:00:00,2026-05-01 00:00:00,,,Usage,,Virtual Machines D4s v5 Compute Hours,Usage-Based,2026-05-12 00:00:00,2026-05-11 00:00:00,,,,,,,,156.380,Hours,11.82,0.075585,11.82,G019283746,Microsoft,14.39,0.092019,Standard,EUR,156.380,Hours,Microsoft,Microsoft,eastus,East US,/subscriptions/3f1e7c20-0003-4a5b-9c3d-8e2f10a4b6c3/resourcegroups/rg-acme-virtualmachines/providers/microsoft.compute/virtualmachines/virtualmachines-0265,virtualmachines-0265,Microsoft.Compute/virtualMachines,Compute,Virtual Machines,Virtual Machines,DZH318Z0BQ4P,D4s v5 Compute Hours,"{""MeterId"":""DZH318Z0BQ4P"",""TierMinimumUnits"":0}",DZH318Z0BQ4P/D4s-v5-Compute-Hours,3f1e7c20-0003-4a5b-9c3d-8e2f10a4b6c3,Data Analytics,Subscription,"{""Team"":""platform"",""System"":""risk-engine"",""Environment"":""staging""}",Data Analytics,12.88,Acme Corp Billing Profile,cc-2087,12.88,Engineering,Microsoft,rg-acme-virtualmachines,Virtual Machines,D4s v5 Compute Hours,Compute
23.75,8611537,Acme Corp MCA,BillingAccount,EUR,2026-06-01 00:00:00,2026-05-01 00:00:00,,,Usage,,Azure Cosmos DB RU/s Provisioned Throughput,Usage-Based,2026-05-12 00:00:00,2026-05-11 00:00:00,,,,,,,,49.550,100 RU/s Hours,23.75,0.479314,23.75,G019283746,Microsoft,29.19,0.589102,Standard,EUR,49.550,100 RU/s Hours,Microsoft,Microsoft,northeurope,North Europe,/subscriptions/3f1e7c20-0001-4a5b-9c3d-8e2f10a4b6c1/resourcegroups/rg-acme-databaseaccounts/providers/microsoft.documentdb/databaseaccounts/databaseaccounts-0404,databaseaccounts-0404,Microsoft.DocumentDB/databaseAccounts,Databases,Azure Cosmos DB,NoSQL Databases,DZH318Z0BPZ7,RU/s Provisioned Throughput,"{""MeterId"":""DZH318Z0BPZ7"",""TierMinimumUnits"":0}",DZH318Z0BPZ7/RU/s-Provisioned-Throughput,3f1e7c20-0001-4a5b-9c3d-8e2f10a4b6c1,Platform Production,Subscription,"{""Team"":""data-eng"",""System"":""risk-engine"",""Environment"":""sandbox""}",Platform Production,25.89,Acme Corp Billing Profile,cc-2087,25.89,Engineering,Microsoft,rg-acme-databaseaccounts,Azure Cosmos DB,RU/s Provisioned Throughput,Databases
0.00,8611537,Acme Corp MCA,BillingAccount,EUR,2026-06-01 00:00:00,2026-05-01 00:00:00,,,Usage,,Virtual Machines usage covered by ri-d4sv5-westeurope-3yr,Usage-Based,2026-05-12 00:00:00,2026-05-11 00:00:00,Usage,/providers/Microsoft.Capacity/reservationOrders/9d4a6c31-77b2-4f0e-9c1a-6b8e2d5f3a10/reservations/4c7f1b8e-2a93-4d6c-8e05-1f7b9a3c6d24,ri-d4sv5-westeurope-3yr,4.000000,Used,Reservation,Hours,23.450,Hours,29.74,1.268230,29.74,G019283746,Microsoft,47.97,2.045629,Committed,EUR,23.450,Hours,Microsoft,Microsoft,eastus,East US,/subscriptions/3f1e7c20-0003-4a5b-9c3d-8e2f10a4b6c3/resourcegroups/rg-acme-virtualmachines/providers/microsoft.compute/virtualmachines/virtualmachines-0915,virtualmachines-0915,Microsoft.Compute/virtualMachines,Compute,Virtual Machines,Virtual Machines,DZH318Z0BQ4P,D4s v5 Compute Hours,"{""MeterId"":""DZH318Z0BQ4P"",""TierMinimumUnits"":0}",DZH318Z0BQ4P/D4s-v5-Compute-Hours,3f1e7c20-0003-4a5b-9c3d-8e2f10a4b6c3,Data Analytics,Subscription,"{""Team"":""security"",""System"":""risk-engine"",""Environment"":""staging""}",Data Analytics,0.00,Acme Corp Billing Profile,cc-2087,32.42,Engineering,Microsoft,rg-acme-virtualmachines,Virtual Machines,D4s v5 Compute Hours,Compute
21.47,8611537,Acme Corp MCA,BillingAccount,EUR,2026-06-01 00:00:00,2026-05-01 00:00:00,,,Usage,,Datadog — Pro Host Hours,Usage-Based,2026-05-12 00:00:00,2026-05-11 00:00:00,,,,,,,,705465.060,Hours,21.47,0.000030,21.47,G019283746,Microsoft,0.00,0.000000,Standard,EUR,705465.060,Hours,Microsoft,Datadog,southeastasia,Southeast Asia,/subscriptions/3f1e7c20-0001-4a5b-9c3d-8e2f10a4b6c1/resourcegroups/rg-acme-monitors/providers/datadog.monitor/monitors/monitors-0529,monitors-0529,Datadog.Monitor/monitors,Management and Governance,Datadog Pro,Observability,DZH318Z0C1WY,Pro Host Hours,"{""MeterId"":""DZH318Z0C1WY"",""TierMinimumUnits"":0}",DZH318Z0C1WY/Pro-Host-Hours,3f1e7c20-0001-4a5b-9c3d-8e2f10a4b6c1,Platform Production,Subscription,"{""Team"":""data-eng"",""System"":""ledger"",""Environment"":""staging""}",Platform Production,23.40,Acme Corp Billing Profile,cc-2087,23.40,Engineering,Marketplace,rg-acme-monitors,Datadog Pro,Pro Host Hours,Management and Governance
13.37,8611537,Acme Corp MCA,BillingAccount,EUR,2026-06-01 00:00:00,2026-05-01 00:00:00,,,Usage,,Virtual Machines D4s v5 Compute Hours,Usage-Based,2026-05-13 00:00:00,2026-05-12 00:00:00,,,,,,,,30.150,Hours,13.37,0.443449,13.37,G019283746,Microsoft,18.47,0.612604,Standard,EUR,30.150,Hours,Microsoft,Microsoft,northeurope,North Europe,/subscriptions/3f1e7c20-0004-4a5b-9c3d-8e2f10a4b6c4/resourcegroups/rg-acme-virtualmachines/providers/microsoft.compute/virtualmachines/virtualmachines-0210,virtualmachines-0210,Microsoft.Compute/virtualMachines,Compute,Virtual Machines,Virtual Machines,DZH318Z0BQ4P,D4s v5 Compute Hours,"{""MeterId"":""DZH318Z0BQ4P"",""TierMinimumUnits"":0}",DZH318Z0BQ4P/D4s-v5-Compute-Hours,3f1e7c20-0004-4a5b-9c3d-8e2f10a4b6c4,Development Sandbox,Subscription,"{""Team"":""platform"",""System"":""risk-engine"",""Environment"":""staging""}",Development Sandbox,14.57,Acme Corp Billing Profile,cc-2087,14.57,Engineering,Microsoft,rg-acme-virtualmachines,Virtual Machines,D4s v5 Compute Hours,Compute
103.59,8611537,Acme Corp MCA,BillingAccount,EUR,2026-06-01 00:00:00,2026-05-01 00:00:00,,,Usage,,Azure Monitor Data Ingestion,Usage-Based,2026-05-13 00:00:00,2026-05-12 00:00:00,,,,,,,,135.090,GB,103.59,0.766822,103.59,G019283746,Microsoft,121.57,0.899919,Standard,EUR,135.090,GB,Microsoft,Microsoft,westeurope,West Europe,/subscriptions/3f1e7c20-0004-4a5b-9c3d-8e2f10a4b6c4/resourcegroups/rg-acme-workspaces/providers/microsoft.operationalinsights/workspaces/workspaces-0293,workspaces-0293,Microsoft.OperationalInsights/workspaces,Management and Governance,Azure Monitor,Observability,DZH318Z0BS3Q,Data Ingestion,"{""MeterId"":""DZH318Z0BS3Q"",""TierMinimumUnits"":0}",DZH318Z0BS3Q/Data-Ingestion,3f1e7c20-0004-4a5b-9c3d-8e2f10a4b6c4,Development Sandbox,Subscription,"{""Team"":""payments"",""System"":""event-bus"",""Environment"":""production""}",Development Sandbox,112.91,Acme Corp Billing Profile,cc-2087,112.91,Engineering,Microsoft,rg-acme-workspaces,Azure Monitor,Data Ingestion,Management and Governance
141.13,8611537,Acme Corp MCA,BillingAccount,EUR,2026-06-01 00:00:00,2026-05-01 00:00:00,,,Usage,,Azure SQL Database vCore General Purpose,Usage-Based,2026-05-13 00:00:00,2026-05-12 00:00:00,,,,,,,,396.520,Hours,141.13,0.355922,141.13,G019283746,Microsoft,180.76,0.455866,Standard,EUR,396.520,Hours,Microsoft,Microsoft,eastus,East US,/subscriptions/3f1e7c20-0001-4a5b-9c3d-8e2f10a4b6c1/resourcegroups/rg-acme-databases/providers/microsoft.sql/databases/databases-0140,databases-0140,Microsoft.Sql/servers/databases,Databases,Azure SQL Database,Relational Databases,DZH318Z0BPZ2,vCore General Purpose,"{""MeterId"":""DZH318Z0BPZ2"",""TierMinimumUnits"":0}",DZH318Z0BPZ2/vCore-General-Purpose,3f1e7c20-0001-4a5b-9c3d-8e2f10a4b6c1,Platform Production,Subscription,"{""Team"":""security"",""System"":""risk-engine"",""Environment"":""sandbox""}",Platform Production,153.83,Acme Corp Billing Profile,cc-2087,153.83,Engineering,Microsoft,rg-acme-databases,Azure SQL Database,vCore General Purpose,Databases
21.04,8611537,Acme Corp MCA,BillingAccount,EUR,2026-06-01 00:00:00,2026-05-01 00:00:00,,,Usage,,Virtual Machines D4s v5 Compute Hours,Usage-Based,2026-05-13 00:00:00,2026-05-12 00:00:00,,,,,,,,531.350,Hours,21.04,0.039597,21.04,G019283746,Microsoft,24.80,0.046674,Standard,EUR,531.350,Hours,Microsoft,Microsoft,westeurope,West Europe,/subscriptions/3f1e7c20-0002-4a5b-9c3d-8e2f10a4b6c2/resourcegroups/rg-acme-virtualmachines/providers/microsoft.compute/virtualmachines/virtualmachines-0121,virtualmachines-0121,Microsoft.Compute/virtualMachines,Compute,Virtual Machines,Virtual Machines,DZH318Z0BQ4P,D4s v5 Compute Hours,"{""MeterId"":""DZH318Z0BQ4P"",""TierMinimumUnits"":0}",DZH318Z0BQ4P/D4s-v5-Compute-Hours,3f1e7c20-0002-4a5b-9c3d-8e2f10a4b6c2,Payments Production,Subscription,"{""Team"":""payments"",""System"":""event-bus"",""Environment"":""production""}",Payments Production,22.93,Acme Corp Billing Profile,cc-2087,22.93,Engineering,Microsoft,rg-acme-virtualmachines,Virtual Machines,D4s v5 Compute Hours,Compute
139.63,8611537,Acme Corp MCA,BillingAccount,EUR,2026-06-01 00:00:00,2026-05-01 00:00:00,,,Usage,,Azure Blob Storage Hot LRS Data Stored,Usage-Based,2026-05-13 00:00:00,2026-05-12 00:00:00,,,,,,,,335.820,GB/Month,139.63,0.415788,139.63,G019283746,Microsoft,160.50,0.477935,Standard,EUR,335.820,GB/Month,Microsoft,Microsoft,westus2,West US 2,/subscriptions/3f1e7c20-0003-4a5b-9c3d-8e2f10a4b6c3/resourcegroups/rg-acme-storageaccounts/providers/microsoft.storage/storageaccounts/storageaccounts-0281,storageaccounts-0281,Microsoft.Storage/storageAccounts,Storage,Azure Blob Storage,Object Storage,DZH318Z0BNZ4,Hot LRS Data Stored,"{""MeterId"":""DZH318Z0BNZ4"",""TierMinimumUnits"":0}",DZH318Z0BNZ4/Hot-LRS-Data-Stored,3f1e7c20-0003-4a5b-9c3d-8e2f10a4b6c3,Data Analytics,Subscription,"{""Team"":""security"",""System"":""ledger"",""Environment"":""staging""}",Data Analytics,152.20,Acme Corp Billing Profile,cc-2087,152.20,Engineering,Microsoft,rg-acme-storageaccounts,Azure Blob Storage,Hot LRS Data Stored,Storage
77.76,8611537,Acme Corp MCA,BillingAccount,EUR,2026-06-01 00:00:00,2026-05-01 00:00:00,,,Usage,,Azure Blob Storage Hot LRS Data Stored,Usage-Based,2026-05-13 00:00:00,2026-05-12 00:00:00,,,,,,,,224.540,GB/Month,77.76,0.346308,77.76,G019283746,Microsoft,100.90,0.449363,Standard,EUR,224.540,GB/Month,Microsoft,Microsoft,northeurope,North Europe,/subscriptions/3f1e7c20-0002-4a5b-9c3d-8e2f10a4b6c2/resourcegroups/rg-acme-storageaccounts/providers/microsoft.storage/storageaccounts/storageaccounts-0156,storageaccounts-0156,Microsoft.Storage/storageAccounts,Storage,Azure Blob Storage,Object Storage,DZH318Z0BNZ4,Hot LRS Data Stored,"{""MeterId"":""DZH318Z0BNZ4"",""TierMinimumUnits"":0}",DZH318Z0BNZ4/Hot-LRS-Data-Stored,3f1e7c20-0002-4a5b-9c3d-8e2f10a4b6c2,Payments Production,Subscription,{},Payments Production,84.76,Acme Corp Billing Profile,cc-2087,84.76,Engineering,Microsoft,rg-acme-storageaccounts,Azure Blob Storage,Hot LRS Data Stored,Storage
0.00,8611537,Acme Corp MCA,BillingAccount,EUR,2026-06-01 00:00:00,2026-05-01 00:00:00,,,Usage,,Virtual Machines usage covered by ri-d4sv5-westeurope-3yr,Usage-Based,2026-05-13 00:00:00,2026-05-12 00:00:00,Usage,/providers/Microsoft.Capacity/reservationOrders/9d4a6c31-77b2-4f0e-9c1a-6b8e2d5f3a10/reservations/4c7f1b8e-2a93-4d6c-8e05-1f7b9a3c6d24,ri-d4sv5-westeurope-3yr,4.000000,Used,Reservation,Hours,13.030,Hours,16.50,1.266309,16.50,G019283746,Microsoft,26.61,2.042210,Committed,EUR,13.030,Hours,Microsoft,Microsoft,eastus,East US,/subscriptions/3f1e7c20-0003-4a5b-9c3d-8e2f10a4b6c3/resourcegroups/rg-acme-virtualmachines/providers/microsoft.compute/virtualmachines/virtualmachines-0915,virtualmachines-0915,Microsoft.Compute/virtualMachines,Compute,Virtual Machines,Virtual Machines,DZH318Z0BQ4P,D4s v5 Compute Hours,"{""MeterId"":""DZH318Z0BQ4P"",""TierMinimumUnits"":0}",DZH318Z0BQ4P/D4s-v5-Compute-Hours,3f1e7c20-0003-4a5b-9c3d-8e2f10a4b6c3,Data Analytics,Subscription,"{""Team"":""data-eng"",""System"":""ledger"",""Environment"":""sandbox""}",Data Analytics,0.00,Acme Corp Billing Profile,cc-2087,17.99,Engineering,Microsoft,rg-acme-virtualmachines,Virtual Machines,D4s v5 Compute Hours,Compute
23.57,8611537,Acme Corp MCA,BillingAccount,EUR,2026-06-01 00:00:00,2026-05-01 00:00:00,,,Usage,,Datadog — Pro Host Hours,Usage-Based,2026-05-13 00:00:00,2026-05-12 00:00:00,,,,,,,,939.660,Hours,23.57,0.025084,23.57,G019283746,Microsoft,0.00,0.000000,Standard,EUR,939.660,Hours,Microsoft,Datadog,westus2,West US 2,/subscriptions/3f1e7c20-0003-4a5b-9c3d-8e2f10a4b6c3/resourcegroups/rg-acme-monitors/providers/datadog.monitor/monitors/monitors-0543,monitors-0543,Datadog.Monitor/monitors,Management and Governance,Datadog Pro,Observability,DZH318Z0C1WY,Pro Host Hours,"{""MeterId"":""DZH318Z0C1WY"",""TierMinimumUnits"":0}",DZH318Z0C1WY/Pro-Host-Hours,3f1e7c20-0003-4a5b-9c3d-8e2f10a4b6c3,Data Analytics,Subscription,"{""Team"":""data-eng"",""System"":""risk-engine"",""Environment"":""sandbox""}",Data Analytics,25.69,Acme Corp Billing Profile,cc-2087,25.69,Engineering,Marketplace,rg-acme-monitors,Datadog Pro,Pro Host Hours,Management and Governance
68.38,8611537,Acme Corp MCA,BillingAccount,EUR,2026-06-01 00:00:00,2026-05-01 00:00:00,,,Usage,,Azure Monitor Data Ingestion,Usage-Based,2026-05-14 00:00:00,2026-05-13 00:00:00,,,,,,,,12.340,GB,68.38,5.541329,68.38,G019283746,Microsoft,79.36,6.431118,Standard,EUR,12.340,GB,Microsoft,Microsoft,northeurope,North Europe,/subscriptions/3f1e7c20-0004-4a5b-9c3d-8e2f10a4b6c4/resourcegroups/rg-acme-workspaces/providers/microsoft.operationalinsights/workspaces/workspaces-0236,workspaces-0236,Microsoft.OperationalInsights/workspaces,Management and Governance,Azure Monitor,Observability,DZH318Z0BS3Q,Data Ingestion,"{""MeterId"":""DZH318Z0BS3Q"",""TierMinimumUnits"":0}",DZH318Z0BS3Q/Data-Ingestion,3f1e7c20-0004-4a5b-9c3d-8e2f10a4b6c4,Development Sandbox,Subscription,"{""Team"":""payments"",""System"":""api-gateway"",""Environment"":""production""}",Development Sandbox,74.53,Acme Corp Billing Profile,cc-2087,74.53,Engineering,Microsoft,rg-acme-workspaces,Azure Monitor,Data Ingestion,Management and Governance
104.82,8611537,Acme Corp MCA,BillingAccount,EUR,2026-06-01 00:00:00,2026-05-01 00:00:00,,,Usage,,Azure SQL Database vCore General Purpose,Usage-Based,2026-05-14 00:00:00,2026-05-13 00:00:00,,,,,,,,32.610,Hours,104.82,3.214351,104.82,G019283746,Microsoft,125.41,3.845753,Standard,EUR,32.610,Hours,Microsoft,Microsoft,southeastasia,Southeast Asia,/subscriptions/3f1e7c20-0003-4a5b-9c3d-8e2f10a4b6c3/resourcegroups/rg-acme-databases/providers/microsoft.sql/databases/databases-0138,databases-0138,Microsoft.Sql/servers/databases,Databases,Azure SQL Database,Relational Databases,DZH318Z0BPZ2,vCore General Purpose,"{""MeterId"":""DZH318Z0BPZ2"",""TierMinimumUnits"":0}",DZH318Z0BPZ2/vCore-General-Purpose,3f1e7c20-0003-4a5b-9c3d-8e2f10a4b6c3,Data Analytics,Subscription,{},Data Analytics,114.25,Acme Corp Billing Profile,cc-2087,114.25,Engineering,Microsoft,rg-acme-databases,Azure SQL Database,vCore General Purpose,Databases
25.62,8611537,Acme Corp MCA,BillingAccount,EUR,2026-06-01 00:00:00,2026-05-01 00:00:00,,,Usage,,Virtual Machines D4s v5 Compute Hours,Usage-Based,2026-05-14 00:00:00,2026-05-13 00:00:00,,,,,,,,18.090,Hours,25.62,1.416252,25.62,G019283746,Microsoft,32.96,1.822001,Standard,EUR,18.090,Hours,Microsoft,Microsoft,westus2,West US 2,/subscriptions/3f1e7c20-0001-4a5b-9c3d-8e2f10a4b6c1/resourcegroups/rg-acme-virtualmachines/providers/microsoft.compute/virtualmachines/virtualmachines-0149,virtualmachines-0149,Microsoft.Compute/virtualMachines,Compute,Virtual Machines,Virtual Machines,DZH318Z0BQ4P,D4s v5 Compute Hours,"{""MeterId"":""DZH318Z0BQ4P"",""TierMinimumUnits"":0}",DZH318Z0BQ4P/D4s-v5-Compute-Hours,3f1e7c20-0001-4a5b-9c3d-8e2f10a4b6c1,Platform Production,Subscription,"{""Team"":""data-eng"",""System"":""event-bus"",""Environment"":""sandbox""}",Platform Production,27.93,Acme Corp Billing Profile,cc-2087,27.93,Engineering,Microsoft,rg-acme-virtualmachines,Virtual Machines,D4s v5 Compute Hours,Compute
112.14,8611537,Acme Corp MCA,BillingAccount,EUR,2026-06-01 00:00:00,2026-05-01 00:00:00,,,Usage,,Azure Blob Storage Hot LRS Data Stored,Usage-Based,2026-05-14 00:00:00,2026-05-13 00:00:00,,,,,,,,658.630,GB/Month,112.14,0.170263,112.14,G019283746,Microsoft,122.66,0.186235,Standard,EUR,658.630,GB/Month,Microsoft,Microsoft,southeastasia,Southeast Asia,/subscriptions/3f1e7c20-0003-4a5b-9c3d-8e2f10a4b6c3/resourcegroups/rg-acme-storageaccounts/providers/microsoft.storage/storageaccounts/storageaccounts-0424,storageaccounts-0424,Microsoft.Storage/storageAccounts,Storage,Azure Blob Storage,Object Storage,DZH318Z0BNZ4,Hot LRS Data Stored,"{""MeterId"":""DZH318Z0BNZ4"",""TierMinimumUnits"":0}",DZH318Z0BNZ4/Hot-LRS-Data-Stored,3f1e7c20-0003-4a5b-9c3d-8e2f10a4b6c3,Data Analytics,Subscription,"{""Team"":""platform"",""System"":""risk-engine"",""Environment"":""production""}",Data Analytics,122.23,Acme Corp Billing Profile,cc-2087,122.23,Engineering,Microsoft,rg-acme-storageaccounts,Azure Blob Storage,Hot LRS Data Stored,Storage
70.11,8611537,Acme Corp MCA,BillingAccount,EUR,2026-06-01 00:00:00,2026-05-01 00:00:00,,,Usage,,Azure Monitor Data Ingestion,Usage-Based,2026-05-14 00:00:00,2026-05-13 00:00:00,,,,,,,,71.200,GB,70.11,0.984691,70.11,G019283746,Microsoft,91.91,1.290871,Standard,EUR,71.200,GB,Microsoft,Microsoft,northeurope,North Europe,/subscriptions/3f1e7c20-0003-4a5b-9c3d-8e2f10a4b6c3/resourcegroups/rg-acme-workspaces/providers/microsoft.operationalinsights/workspaces/workspaces-0330,workspaces-0330,Microsoft.OperationalInsights/workspaces,Management and Governance,Azure Monitor,Observability,DZH318Z0BS3Q,Data Ingestion,"{""MeterId"":""DZH318Z0BS3Q"",""TierMinimumUnits"":0}",DZH318Z0BS3Q/Data-Ingestion,3f1e7c20-0003-4a5b-9c3d-8e2f10a4b6c3,Data Analytics,Subscription,"{""Team"":""data-eng"",""System"":""event-bus"",""Environment"":""sandbox""}",Data Analytics,76.42,Acme Corp Billing Profile,cc-2087,76.42,Engineering,Microsoft,rg-acme-workspaces,Azure Monitor,Data Ingestion,Management and Governance
133.74,8611537,Acme Corp MCA,BillingAccount,EUR,2026-06-01 00:00:00,2026-05-01 00:00:00,,,Usage,,Azure Functions Execution Time,Usage-Based,2026-05-14 00:00:00,2026-05-13 00:00:00,,,,,,,,562.420,GB Seconds,133.74,0.237794,133.74,G019283746,Microsoft,158.29,0.281444,Standard,EUR,562.420,GB Seconds,Microsoft,Microsoft,southeastasia,Southeast Asia,/subscriptions/3f1e7c20-0003-4a5b-9c3d-8e2f10a4b6c3/resourcegroups/rg-acme-sites/providers/microsoft.web/sites/sites-0372,sites-0372,Microsoft.Web/sites,Compute,Azure Functions,Serverless Compute,DZH318Z0BQ6R,Execution Time,"{""MeterId"":""DZH318Z0BQ6R"",""TierMinimumUnits"":0}",DZH318Z0BQ6R/Execution-Time,3f1e7c20-0003-4a5b-9c3d-8e2f10a4b6c3,Data Analytics,Subscription,"{""Team"":""data-eng"",""System"":""risk-engine"",""Environment"":""staging""}",Data Analytics,145.78,Acme Corp Billing Profile,cc-2087,145.78,Engineering,Microsoft,rg-acme-sites,Azure Functions,Execution Time,Compute
0.00,8611537,Acme Corp MCA,BillingAccount,EUR,2026-06-01 00:00:00,2026-05-01 00:00:00,,,Usage,,Virtual Machines usage covered by ri-d4sv5-westeurope-3yr,Usage-Based,2026-05-14 00:00:00,2026-05-13 00:00:00,Usage,/providers/Microsoft.Capacity/reservationOrders/9d4a6c31-77b2-4f0e-9c1a-6b8e2d5f3a10/reservations/4c7f1b8e-2a93-4d6c-8e05-1f7b9a3c6d24,ri-d4sv5-westeurope-3yr,4.000000,Used,Reservation,Hours,23.350,Hours,16.03,0.686510,16.03,G019283746,Microsoft,25.85,1.107066,Committed,EUR,23.350,Hours,Microsoft,Microsoft,eastus,East US,/subscriptions/3f1e7c20-0001-4a5b-9c3d-8e2f10a4b6c1/resourcegroups/rg-acme-virtualmachines/providers/microsoft.compute/virtualmachines/virtualmachines-0913,virtualmachines-0913,Microsoft.Compute/virtualMachines,Compute,Virtual Machines,Virtual Machines,DZH318Z0BQ4P,D4s v5 Compute Hours,"{""MeterId"":""DZH318Z0BQ4P"",""TierMinimumUnits"":0}",DZH318Z0BQ4P/D4s-v5-Compute-Hours,3f1e7c20-0001-4a5b-9c3d-8e2f10a4b6c1,Platform Production,Subscription,"{""Team"":""platform"",""System"":""event-bus"",""Environment"":""sandbox""}",Platform Production,0.00,Acme Corp Billing Profile,cc-2087,17.47,Engineering,Microsoft,rg-acme-virtualmachines,Virtual Machines,D4s v5 Compute Hours,Compute
20.16,8611537,Acme Corp MCA,BillingAccount,EUR,2026-06-01 00:00:00,2026-05-01 00:00:00,,,Usage,,Datadog — Pro Host Hours,Usage-Based,2026-05-14 00:00:00,2026-05-13 00:00:00,,,,,,,,234877.140,Hours,20.16,0.000086,20.16,G019283746,Microsoft,0.00,0.000000,Standard,EUR,234877.140,Hours,Microsoft,Datadog,southeastasia,Southeast Asia,/subscriptions/3f1e7c20-0001-4a5b-9c3d-8e2f10a4b6c1/resourcegroups/rg-acme-monitors/providers/datadog.monitor/monitors/monitors-0516,monitors-0516,Datadog.Monitor/monitors,Management and Governance,Datadog Pro,Observability,DZH318Z0C1WY,Pro Host Hours,"{""MeterId"":""DZH318Z0C1WY"",""TierMinimumUnits"":0}",DZH318Z0C1WY/Pro-Host-Hours,3f1e7c20-0001-4a5b-9c3d-8e2f10a4b6c1,Platform Production,Subscription,"{""Team"":""security"",""System"":""ledger"",""Environment"":""production""}",Platform Production,21.97,Acme Corp Billing Profile,cc-2087,21.97,Engineering,Marketplace,rg-acme-monitors,Datadog Pro,Pro Host Hours,Management and Governance
47.65,8611537,Acme Corp MCA,BillingAccount,EUR,2026-06-01 00:00:00,2026-05-01 00:00:00,,,Usage,,Azure Monitor Data Ingestion,Usage-Based,2026-05-15 00:00:00,2026-05-14 00:00:00,,,,,,,,142.210,GB,47.65,0.335068,47.65,G019283746,Microsoft,58.49,0.411293,Standard,EUR,142.210,GB,Microsoft,Microsoft,southeastasia,Southeast Asia,/subscriptions/3f1e7c20-0001-4a5b-9c3d-8e2f10a4b6c1/resourcegroups/rg-acme-workspaces/providers/microsoft.operationalinsights/workspaces/workspaces-0217,workspaces-0217,Microsoft.OperationalInsights/workspaces,Management and Governance,Azure Monitor,Observability,DZH318Z0BS3Q,Data Ingestion,"{""MeterId"":""DZH318Z0BS3Q"",""TierMinimumUnits"":0}",DZH318Z0BS3Q/Data-Ingestion,3f1e7c20-0001-4a5b-9c3d-8e2f10a4b6c1,Platform Production,Subscription,"{""Team"":""payments"",""System"":""event-bus"",""Environment"":""production""}",Platform Production,51.94,Acme Corp Billing Profile,cc-2087,51.94,Engineering,Microsoft,rg-acme-workspaces,Azure Monitor,Data Ingestion,Management and Governance
46.99,8611537,Acme Corp MCA,BillingAccount,EUR,2026-06-01 00:00:00,2026-05-01 00:00:00,,,Usage,,Azure Monitor Data Ingestion,Usage-Based,2026-05-15 00:00:00,2026-05-14 00:00:00,,,,,,,,452.050,GB,46.99,0.103949,46.99,G019283746,Microsoft,57.71,0.127663,Standard,EUR,452.050,GB,Microsoft,Microsoft,westus2,West US 2,/subscriptions/3f1e7c20-0004-4a5b-9c3d-8e2f10a4b6c4/resourcegroups/rg-acme-workspaces/providers/microsoft.operationalinsights/workspaces/workspaces-0452,workspaces-0452,Microsoft.OperationalInsights/workspaces,Management and Governance,Azure Monitor,Observability,DZH318Z0BS3Q,Data Ingestion,"{""MeterId"":""DZH318Z0BS3Q"",""TierMinimumUnits"":0}",DZH318Z0BS3Q/Data-Ingestion,3f1e7c20-0004-4a5b-9c3d-8e2f10a4b6c4,Development Sandbox,Subscription,"{""Team"":""security"",""System"":""ledger"",""Environment"":""sandbox""}",Development Sandbox,51.22,Acme Corp Billing Profile,cc-2087,51.22,Engineering,Microsoft,rg-acme-workspaces,Azure Monitor,Data Ingestion,Management and Governance
156.25,8611537,Acme Corp MCA,BillingAccount,EUR,2026-06-01 00:00:00,2026-05-01 00:00:00,,,Usage,,Azure Monitor Data Ingestion,Usage-Based,2026-05-15 00:00:00,2026-05-14 00:00:00,,,,,,,,27.100,GB,156.25,5.765683,156.25,G019283746,Microsoft,180.79,6.671218,Standard,EUR,27.100,GB,Microsoft,Microsoft,northeurope,North Europe,/subscriptions/3f1e7c20-0003-4a5b-9c3d-8e2f10a4b6c3/resourcegroups/rg-acme-workspaces/providers/microsoft.operationalinsights/workspaces/workspaces-0283,workspaces-0283,Microsoft.OperationalInsights/workspaces,Management and Governance,Azure Monitor,Observability,DZH318Z0BS3Q,Data Ingestion,"{""MeterId"":""DZH318Z0BS3Q"",""TierMinimumUnits"":0}",DZH318Z0BS3Q/Data-Ingestion,3f1e7c20-0003-4a5b-9c3d-8e2f10a4b6c3,Data Analytics,Subscription,"{""Team"":""platform"",""System"":""risk-engine"",""Environment"":""sandbox""}",Data Analytics,170.31,Acme Corp Billing Profile,cc-2087,170.31,Engineering,Microsoft,rg-acme-workspaces,Azure Monitor,Data Ingestion,Management and Governance
99.72,8611537,Acme Corp MCA,BillingAccount,EUR,2026-06-01 00:00:00,2026-05-01 00:00:00,,,Usage,,Azure Cosmos DB RU/s Provisioned Throughput,Usage-Based,2026-05-15 00:00:00,2026-05-14 00:00:00,,,,,,,,521.350,100 RU/s Hours,99.72,0.191273,99.72,G019283746,Microsoft,115.84,0.222192,Standard,EUR,521.350,100 RU/s Hours,Microsoft,Microsoft,eastus,East US,/subscriptions/3f1e7c20-0002-4a5b-9c3d-8e2f10a4b6c2/resourcegroups/rg-acme-databaseaccounts/providers/microsoft.documentdb/databaseaccounts/databaseaccounts-0445,databaseaccounts-0445,Microsoft.DocumentDB/databaseAccounts,Databases,Azure Cosmos DB,NoSQL Databases,DZH318Z0BPZ7,RU/s Provisioned Throughput,"{""MeterId"":""DZH318Z0BPZ7"",""TierMinimumUnits"":0}",DZH318Z0BPZ7/RU/s-Provisioned-Throughput,3f1e7c20-0002-4a5b-9c3d-8e2f10a4b6c2,Payments Production,Subscription,{},Payments Production,108.69,Acme Corp Billing Profile,cc-2087,108.69,Engineering,Microsoft,rg-acme-databaseaccounts,Azure Cosmos DB,RU/s Provisioned Throughput,Databases
57.32,8611537,Acme Corp MCA,BillingAccount,EUR,2026-06-01 00:00:00,2026-05-01 00:00:00,,,Usage,,Azure Cosmos DB RU/s Provisioned Throughput,Usage-Based,2026-05-15 00:00:00,2026-05-14 00:00:00,,,,,,,,100.090,100 RU/s Hours,57.32,0.572685,57.32,G019283746,Microsoft,64.11,0.640524,Standard,EUR,100.090,100 RU/s Hours,Microsoft,Microsoft,eastus,East US,/subscriptions/3f1e7c20-0001-4a5b-9c3d-8e2f10a4b6c1/resourcegroups/rg-acme-databaseaccounts/providers/microsoft.documentdb/databaseaccounts/databaseaccounts-0350,databaseaccounts-0350,Microsoft.DocumentDB/databaseAccounts,Databases,Azure Cosmos DB,NoSQL Databases,DZH318Z0BPZ7,RU/s Provisioned Throughput,"{""MeterId"":""DZH318Z0BPZ7"",""TierMinimumUnits"":0}",DZH318Z0BPZ7/RU/s-Provisioned-Throughput,3f1e7c20-0001-4a5b-9c3d-8e2f10a4b6c1,Platform Production,Subscription,"{""Team"":""security"",""System"":""ledger"",""Environment"":""staging""}",Platform Production,62.48,Acme Corp Billing Profile,cc-2087,62.48,Engineering,Microsoft,rg-acme-databaseaccounts,Azure Cosmos DB,RU/s Provisioned Throughput,Databases
154.72,8611537,Acme Corp MCA,BillingAccount,EUR,2026-06-01 00:00:00,2026-05-01 00:00:00,,,Usage,,Azure Functions Execution Time,Usage-Based,2026-05-15 00:00:00,2026-05-14 00:00:00,,,,,,,,238.530,GB Seconds,154.72,0.648640,154.72,G019283746,Microsoft,175.63,0.736302,Standard,EUR,238.530,GB Seconds,Microsoft,Microsoft,eastus,East US,/subscriptions/3f1e7c20-0001-4a5b-9c3d-8e2f10a4b6c1/resourcegroups/rg-acme-sites/providers/microsoft.web/sites/sites-0398,sites-0398,Microsoft.Web/sites,Compute,Azure Functions,Serverless Compute,DZH318Z0BQ6R,Execution Time,"{""MeterId"":""DZH318Z0BQ6R"",""TierMinimumUnits"":0}",DZH318Z0BQ6R/Execution-Time,3f1e7c20-0001-4a5b-9c3d-8e2f10a4b6c1,Platform Production,Subscription,"{""Team"":""security"",""System"":""ledger"",""Environment"":""production""}",Platform Production,168.64,Acme Corp Billing Profile,cc-2087,168.64,Engineering,Microsoft,rg-acme-sites,Azure Functions,Execution Time,Compute
0.00,8611537,Acme Corp MCA,BillingAccount,EUR,2026-06-01 00:00:00,2026-05-01 00:00:00,,,Usage,,Virtual Machines usage covered by ri-d4sv5-westeurope-3yr,Usage-Based,2026-05-15 00:00:00,2026-05-14 00:00:00,Usage,/providers/Microsoft.Capacity/reservationOrders/9d4a6c31-77b2-4f0e-9c1a-6b8e2d5f3a10/reservations/4c7f1b8e-2a93-4d6c-8e05-1f7b9a3c6d24,ri-d4sv5-westeurope-3yr,4.000000,Used,Reservation,Hours,12.940,Hours,16.66,1.287481,16.66,G019283746,Microsoft,26.87,2.076507,Committed,EUR,12.940,Hours,Microsoft,Microsoft,eastus,East US,/subscriptions/3f1e7c20-0003-4a5b-9c3d-8e2f10a4b6c3/resourcegroups/rg-acme-virtualmachines/providers/microsoft.compute/virtualmachines/virtualmachines-0907,virtualmachines-0907,Microsoft.Compute/virtualMachines,Compute,Virtual Machines,Virtual Machines,DZH318Z0BQ4P,D4s v5 Compute Hours,"{""MeterId"":""DZH318Z0BQ4P"",""TierMinimumUnits"":0}",DZH318Z0BQ4P/D4s-v5-Compute-Hours,3f1e7c20-0003-4a5b-9c3d-8e2f10a4b6c3,Data Analytics,Subscription,{},Data Analytics,0.00,Acme Corp Billing Profile,cc-2087,18.16,Engineering,Microsoft,rg-acme-virtualmachines,Virtual Machines,D4s v5 Compute Hours,Compute
8.60,8611537,Acme Corp MCA,BillingAccount,EUR,2026-06-01 00:00:00,2026-05-01 00:00:00,,,Usage,,Datadog — Pro Host Hours,Usage-Based,2026-05-15 00:00:00,2026-05-14 00:00:00,,,,,,,,765363.780,Hours,8.60,0.000011,8.60,G019283746,Microsoft,0.00,0.000000,Standard,EUR,765363.780,Hours,Microsoft,Datadog,northeurope,North Europe,/subscriptions/3f1e7c20-0002-4a5b-9c3d-8e2f10a4b6c2/resourcegroups/rg-acme-monitors/providers/datadog.monitor/monitors/monitors-0545,monitors-0545,Datadog.Monitor/monitors,Management and Governance,Datadog Pro,Observability,DZH318Z0C1WY,Pro Host Hours,"{""MeterId"":""DZH318Z0C1WY"",""TierMinimumUnits"":0}",DZH318Z0C1WY/Pro-Host-Hours,3f1e7c20-0002-4a5b-9c3d-8e2f10a4b6c2,Payments Production,Subscription,"{""Team"":""security"",""System"":""event-bus"",""Environment"":""staging""}",Payments Production,9.37,Acme Corp Billing Profile,cc-2087,9.37,Engineering,Marketplace,rg-acme-monitors,Datadog Pro,Pro Host Hours,Management and Governance
0.00,8611537,Acme Corp MCA,BillingAccount,EUR,2026-06-01 00:00:00,2026-05-01 00:00:00,,,Usage,,Unused commitment: ri-d4sv5-westeurope-3yr,Recurring,2026-06-01 00:00:00,2026-05-01 00:00:00,Usage,/providers/Microsoft.Capacity/reservationOrders/9d4a6c31-77b2-4f0e-9c1a-6b8e2d5f3a10/reservations/4c7f1b8e-2a93-4d6c-8e05-1f7b9a3c6d24,ri-d4sv5-westeurope-3yr,4.000000,Unused,Reservation,Hours,0.000,,0.00,,84.50,G019283746,Microsoft,0.00,,Committed,EUR,0.000,,Microsoft,Microsoft,,,/providers/Microsoft.Capacity/reservationOrders/9d4a6c31-77b2-4f0e-9c1a-6b8e2d5f3a10/reservations/4c7f1b8e-2a93-4d6c-8e05-1f7b9a3c6d24,ri-d4sv5-westeurope-3yr,Reservation,Compute,Virtual Machines,Virtual Machines,DZH318Z0BQ4P,D4s v5 Compute Hours,,DZH318Z0BQ4P/D4s-v5-Compute-Hours,3f1e7c20-0001-4a5b-9c3d-8e2f10a4b6c1,Platform Production,Subscription,{},Platform Production,0.00,Acme Corp Billing Profile,cc-2087,92.11,Engineering,Microsoft,,Virtual Machines,D4s v5 Compute Hours,Compute
1460.00,8611537,Acme Corp MCA,BillingAccount,EUR,2026-06-01 00:00:00,2026-05-01 00:00:00,,,Purchase,,Reservation recurring fee — ri-d4sv5-westeurope-3yr,Recurring,2026-06-01 00:00:00,2026-05-01 00:00:00,Usage,/providers/Microsoft.Capacity/reservationOrders/9d4a6c31-77b2-4f0e-9c1a-6b8e2d5f3a10/reservations/4c7f1b8e-2a93-4d6c-8e05-1f7b9a3c6d24,ri-d4sv5-westeurope-3yr,4.000000,,Reservation,Hours,0.000,,1460.00,,0.00,G019283746,Microsoft,0.00,,,EUR,0.000,,Microsoft,Microsoft,,,/providers/Microsoft.Capacity/reservationOrders/9d4a6c31-77b2-4f0e-9c1a-6b8e2d5f3a10/reservations/4c7f1b8e-2a93-4d6c-8e05-1f7b9a3c6d24,ri-d4sv5-westeurope-3yr,Reservation,Compute,Virtual Machines,Virtual Machines,DZH318Z0BQ4P,D4s v5 Compute Hours,,DZH318Z0BQ4P/D4s-v5-Compute-Hours,3f1e7c20-0001-4a5b-9c3d-8e2f10a4b6c1,Platform Production,Subscription,{},Platform Production,1591.40,Acme Corp Billing Profile,cc-2087,0.00,Engineering,Microsoft,,Virtual Machines,D4s v5 Compute Hours,Compute
372.15,8611537,Acme Corp MCA,BillingAccount,EUR,2026-06-01 00:00:00,2026-05-01 00:00:00,,,Tax,,VAT,Recurring,2026-06-01 00:00:00,2026-05-01 00:00:00,,,,,,,,0.000,,372.15,,372.15,G019283746,Microsoft,0.00,,,EUR,0.000,,Microsoft,Microsoft,,,,,,Compute,Virtual Machines,Virtual Machines,DZH318Z0BQ4P,D4s v5 Compute Hours,,DZH318Z0BQ4P/D4s-v5-Compute-Hours,3f1e7c20-0001-4a5b-9c3d-8e2f10a4b6c1,Platform Production,Subscription,{},Platform Production,405.64,Acme Corp Billing Profile,cc-2087,405.64,Engineering,Microsoft,,Virtual Machines,D4s v5 Compute Hours,Compute
-215.40,8611537,Acme Corp MCA,BillingAccount,EUR,2026-06-01 00:00:00,2026-05-01 00:00:00,,,Credit,,Promotional credit,Recurring,2026-06-01 00:00:00,2026-05-01 00:00:00,,,,,,,,0.000,,-215.40,,-215.40,G019283746,Microsoft,0.00,,,EUR,0.000,,Microsoft,Microsoft,,,,,,Compute,Virtual Machines,Virtual Machines,DZH318Z0BQ4P,D4s v5 Compute Hours,,DZH318Z0BQ4P/D4s-v5-Compute-Hours,3f1e7c20-0001-4a5b-9c3d-8e2f10a4b6c1,Platform Production,Subscription,{},Platform Production,-234.79,Acme Corp Billing Profile,cc-2087,-234.79,Engineering,Microsoft,,Virtual Machines,D4s v5 Compute Hours,Compute
