AvailabilityZone,BilledCost,BillingAccountId,BillingAccountType,BillingCurrency,BillingPeriodEnd,BillingPeriodStart,ChargeCategory,ChargeClass,ChargeDescription,ChargePeriodEnd,ChargePeriodStart,ConsumedQuantity,ConsumedUnit,ContractedCost,ContractedUnitPrice,EffectiveCost,ListCost,ListUnitPrice,PricingCategory,PricingCurrency,PricingCurrencyContractedUnitPrice,PricingCurrencyEffectiveCost,PricingCurrencyListUnitPrice,PricingQuantity,PricingUnit,ProviderName,PublisherName,RegionId,RegionName,ResourceId,ResourceName,ServiceName,SkuId,SkuPriceId,SubAccountId,SubAccountName,x_ConsumptionModelId,x_CostType,x_Credits,x_CurrencyConversionRate,x_ExportTime,x_Labels,x_Location,x_Project,x_ProjectLabels,x_ServiceId,x_SubscriptionInstanceId,x_SystemLabels,x_Tags
,64.56,01ABCD-234567-89EFGH,BillingAccount,USD,2026-06-01 00:00:00,2026-05-01 00:00:00,Usage,,Google Kubernetes Engine Autopilot Pod vCPU,2026-05-02 00:00:00,2026-05-01 00:00:00,648.340,hour,64.56,0.099577,64.56,76.69,0.118287,Standard,USD,0.099577,64.56,0.118287,648.340,hour,Google Cloud,Google Cloud,europe-west1,Belgium,//container.googleapis.com/projects/acme-data-prod/locations/europe-west1/clusters/cluster-0396,cluster-0396,Google Kubernetes Engine,7F3A-2C68-B04D,7F3A-2C68-B04D-price,acme-data-prod,Acme Data Analytics,,regular,[],1.000000,2026-06-02 04:17:33,"[{""Key"":""team"",""Value"":""security""},{""Key"":""system"",""Value"":""ledger""}]",europe-west1,"{""Id"":""acme-data-prod"",""Name"":""Acme Data Analytics"",""Number"":""123456789002""}","[{""Key"":""cost-center"",""Value"":""cc-2087""},{""Key"":""environment"",""Value"":""production""}]",CCD8-9BF1-090E,,"[{""Key"":""compute.googleapis.com/machine_spec"",""Value"":""n2-standard-4""}]","[{""Key"":""environment"",""Value"":""staging"",""x_Inherited"":false,""x_Namespace"":""123456789012/environment""}]"
,118.88,01ABCD-234567-89EFGH,BillingAccount,USD,2026-06-01 00:00:00,2026-05-01 00:00:00,Usage,,Cloud Run Cloud Run CPU Allocation Time,2026-05-02 00:00:00,2026-05-01 00:00:00,118.730,second,118.88,1.001263,118.88,141.45,1.191359,Standard,USD,1.001263,118.88,1.191359,118.730,second,Google Cloud,Google Cloud,asia-southeast1,Singapore,//run.googleapis.com/projects/acme-sandbox/locations/asia-southeast1/services/service-0339,service-0339,Cloud Run,A1C3-9B27-4D65,A1C3-9B27-4D65-price,acme-sandbox,Acme Development Sandbox,,regular,[],1.000000,2026-06-02 04:17:33,"[{""Key"":""team"",""Value"":""platform""},{""Key"":""system"",""Value"":""ledger""}]",asia-southeast1,"{""Id"":""acme-sandbox"",""Name"":""Acme Development Sandbox"",""Number"":""123456789003""}","[{""Key"":""cost-center"",""Value"":""cc-2087""},{""Key"":""environment"",""Value"":""production""}]",152E-C115-5142,,"[{""Key"":""compute.googleapis.com/machine_spec"",""Value"":""n2-standard-4""}]","[{""Key"":""environment"",""Value"":""production"",""x_Inherited"":false,""x_Namespace"":""123456789012/environment""}]"
,10.04,01ABCD-234567-89EFGH,BillingAccount,USD,2026-06-01 00:00:00,2026-05-01 00:00:00,Usage,,BigQuery Analysis,2026-05-02 00:00:00,2026-05-01 00:00:00,570.870,tebibyte,10.04,0.017587,10.04,11.20,0.019619,Standard,USD,0.017587,10.04,0.019619,570.870,tebibyte,Google Cloud,Google Cloud,us-east4,Northern Virginia,//bigquery.googleapis.com/projects/acme-platform-prod/locations/us-east4/datasets/dataset-0209,dataset-0209,BigQuery,D5B1-8E44-70A9,D5B1-8E44-70A9-price,acme-platform-prod,Acme Platform Production,,regular,[],1.000000,2026-06-02 04:17:33,"[{""Key"":""team"",""Value"":""payments""},{""Key"":""system"",""Value"":""risk-engine""}]",us-east4,"{""Id"":""acme-platform-prod"",""Name"":""Acme Platform Production"",""Number"":""123456789000""}","[{""Key"":""cost-center"",""Value"":""cc-2087""},{""Key"":""environment"",""Value"":""production""}]",24E6-581D-38E5,,"[{""Key"":""compute.googleapis.com/machine_spec"",""Value"":""n2-standard-4""}]","[{""Key"":""environment"",""Value"":""staging"",""x_Inherited"":false,""x_Namespace"":""123456789012/environment""}]"
,75.69,01ABCD-234567-89EFGH,BillingAccount,USD,2026-06-01 00:00:00,2026-05-01 00:00:00,Usage,,Cloud Storage Standard Storage EU,2026-05-02 00:00:00,2026-05-01 00:00:00,257.330,gibibyte month,75.69,0.294136,75.69,97.81,0.380096,Standard,USD,0.294136,75.69,0.380096,257.330,gibibyte month,Google Cloud,Google Cloud,europe-west4,Netherlands,//storage.googleapis.com/projects/acme-data-prod/locations/europe-west4/buckets/bucket-0427,bucket-0427,Cloud Storage,E5F0-6A48-F9C1,E5F0-6A48-F9C1-price,acme-data-prod,Acme Data Analytics,,regular,[],1.000000,2026-06-02 04:17:33,"[{""Key"":""team"",""Value"":""security""},{""Key"":""system"",""Value"":""ledger""}]",europe-west4,"{""Id"":""acme-data-prod"",""Name"":""Acme Data Analytics"",""Number"":""123456789002""}","[{""Key"":""cost-center"",""Value"":""cc-2087""},{""Key"":""environment"",""Value"":""production""}]",95FF-2EF5-5EA1,,"[{""Key"":""compute.googleapis.com/machine_spec"",""Value"":""n2-standard-4""}]","[{""Key"":""environment"",""Value"":""staging"",""x_Inherited"":false,""x_Namespace"":""123456789012/environment""}]"
,5.36,01ABCD-234567-89EFGH,BillingAccount,USD,2026-06-01 00:00:00,2026-05-01 00:00:00,Usage,,Cloud Run Cloud Run CPU Allocation Time,2026-05-02 00:00:00,2026-05-01 00:00:00,442.450,second,5.36,0.012114,5.36,7.08,0.016002,Standard,USD,0.012114,5.36,0.016002,442.450,second,Google Cloud,Google Cloud,europe-west4,Netherlands,//run.googleapis.com/projects/acme-data-prod/locations/europe-west4/services/service-0204,service-0204,Cloud Run,A1C3-9B27-4D65,A1C3-9B27-4D65-price,acme-data-prod,Acme Data Analytics,,regular,[],1.000000,2026-06-02 04:17:33,"[{""Key"":""team"",""Value"":""platform""},{""Key"":""system"",""Value"":""risk-engine""}]",europe-west4,"{""Id"":""acme-data-prod"",""Name"":""Acme Data Analytics"",""Number"":""123456789002""}","[{""Key"":""cost-center"",""Value"":""cc-2087""},{""Key"":""environment"",""Value"":""production""}]",152E-C115-5142,,"[{""Key"":""compute.googleapis.com/machine_spec"",""Value"":""n2-standard-4""}]","[{""Key"":""environment"",""Value"":""sandbox"",""x_Inherited"":false,""x_Namespace"":""123456789012/environment""}]"
,86.19,01ABCD-234567-89EFGH,BillingAccount,USD,2026-06-01 00:00:00,2026-05-01 00:00:00,Usage,,Google Kubernetes Engine Autopilot Pod vCPU,2026-05-02 00:00:00,2026-05-01 00:00:00,574.960,hour,86.19,0.149906,86.19,116.19,0.202084,Standard,USD,0.149906,86.19,0.202084,574.960,hour,Google Cloud,Google Cloud,europe-west4,Netherlands,//container.googleapis.com/projects/acme-platform-prod/locations/europe-west4/clusters/cluster-0386,cluster-0386,Google Kubernetes Engine,7F3A-2C68-B04D,7F3A-2C68-B04D-price,acme-platform-prod,Acme Platform Production,,regular,[],1.000000,2026-06-02 04:17:33,"[{""Key"":""team"",""Value"":""payments""},{""Key"":""system"",""Value"":""ledger""}]",europe-west4,"{""Id"":""acme-platform-prod"",""Name"":""Acme Platform Production"",""Number"":""123456789000""}","[{""Key"":""cost-center"",""Value"":""cc-2087""},{""Key"":""environment"",""Value"":""production""}]",CCD8-9BF1-090E,,"[{""Key"":""compute.googleapis.com/machine_spec"",""Value"":""n2-standard-4""}]","[{""Key"":""environment"",""Value"":""sandbox"",""x_Inherited"":false,""x_Namespace"":""123456789012/environment""}]"
us-central1-a,0.00,01ABCD-234567-89EFGH,BillingAccount,USD,2026-06-01 00:00:00,2026-05-01 00:00:00,Usage,,Compute Engine usage covered by Committed use discount: N2 vCPU (3 year),2026-05-02 00:00:00,2026-05-01 00:00:00,22.470,hour,32.80,1.459724,32.80,52.90,2.354250,Committed,USD,1.459724,32.80,2.354250,22.470,hour,Google Cloud,Google Cloud,us-central1,Iowa,//compute.googleapis.com/projects/acme-sandbox/zones/us-central1-a/instances/instance-0917,instance-0917,Compute Engine,2E27-4F75-95CD,2E27-4F75-95CD-price,acme-sandbox,Acme Development Sandbox,,regular,"[{""Id"":""cud-compute-n2-3yr-us-central1"",""FullName"":""Committed use discount: N2 vCPU (3 year)"",""Type"":""COMMITTED_USAGE_DISCOUNT"",""Name"":""Committed use discount: N2 vCPU (3 year)"",""Amount"":-20.1}]",1.000000,2026-06-02 04:17:33,"[{""Key"":""team"",""Value"":""security""},{""Key"":""system"",""Value"":""event-bus""}]",us-central1,"{""Id"":""acme-sandbox"",""Name"":""Acme Development Sandbox"",""Number"":""123456789003""}","[{""Key"":""cost-center"",""Value"":""cc-2087""},{""Key"":""environment"",""Value"":""production""}]",6F81-5844-456A,,"[{""Key"":""compute.googleapis.com/machine_spec"",""Value"":""n2-standard-4""}]","[{""Key"":""environment"",""Value"":""production"",""x_Inherited"":false,""x_Namespace"":""123456789012/environment""}]"
,13.67,01ABCD-234567-89EFGH,BillingAccount,USD,2026-06-01 00:00:00,2026-05-01 00:00:00,Usage,,"Confluent, Inc. — Confluent Cloud eCKU",2026-05-02 00:00:00,2026-05-01 00:00:00,770925.790,hour,13.67,0.000018,13.67,0.00,0.000000,Standard,USD,0.000018,13.67,0.000000,770925.790,hour,Google Cloud,"Confluent, Inc.",europe-west1,Belgium,//cloudcommerceconsumerprocurement.googleapis.com/projects/acme-data-prod/locations/europe-west1/clusters/cluster-0525,cluster-0525,Confluent Cloud,B8D2-1F35-6C07,B8D2-1F35-6C07-price,acme-data-prod,Acme Data Analytics,,regular,[],1.000000,2026-06-02 04:17:33,"[{""Key"":""team"",""Value"":""security""},{""Key"":""system"",""Value"":""risk-engine""}]",europe-west1,"{""Id"":""acme-data-prod"",""Name"":""Acme Data Analytics"",""Number"":""123456789002""}","[{""Key"":""cost-center"",""Value"":""cc-2087""},{""Key"":""environment"",""Value"":""production""}]",C0AF-0C4B-3A1D,,"[{""Key"":""compute.googleapis.com/machine_spec"",""Value"":""n2-standard-4""}]","[{""Key"":""environment"",""Value"":""production"",""x_Inherited"":false,""x_Namespace"":""123456789012/environment""}]"
europe-west4-a,115.73,01ABCD-234567-89EFGH,BillingAccount,USD,2026-06-01 00:00:00,2026-05-01 00:00:00,Usage,,Compute Engine N2 Instance Core running,2026-05-03 00:00:00,2026-05-02 00:00:00,115.190,hour,115.73,1.004688,115.73,158.59,1.376769,Standard,USD,1.004688,115.73,1.376769,115.190,hour,Google Cloud,Google Cloud,europe-west4,Netherlands,//compute.googleapis.com/projects/acme-sandbox/zones/europe-west4-a/instances/instance-0434,instance-0434,Compute Engine,2E27-4F75-95CD,2E27-4F75-95CD-price,acme-sandbox,Acme Development Sandbox,,regular,[],1.000000,2026-06-02 04:17:33,"[{""Key"":""team"",""Value"":""data-eng""},{""Key"":""system"",""Value"":""event-bus""}]",europe-west4,"{""Id"":""acme-sandbox"",""Name"":""Acme Development Sandbox"",""Number"":""123456789003""}","[{""Key"":""cost-center"",""Value"":""cc-2087""},{""Key"":""environment"",""Value"":""production""}]",6F81-5844-456A,,"[{""Key"":""compute.googleapis.com/machine_spec"",""Value"":""n2-standard-4""}]","[{""Key"":""environment"",""Value"":""staging"",""x_Inherited"":false,""x_Namespace"":""123456789012/environment""}]"
,147.07,01ABCD-234567-89EFGH,BillingAccount,USD,2026-06-01 00:00:00,2026-05-01 00:00:00,Usage,,Cloud Storage Standard Storage EU,2026-05-03 00:00:00,2026-05-02 00:00:00,280.090,gibibyte month,147.07,0.525081,147.07,182.34,0.651005,Standard,USD,0.525081,147.07,0.651005,280.090,gibibyte month,Google Cloud,Google Cloud,europe-west4,Netherlands,//storage.googleapis.com/projects/acme-sandbox/locations/europe-west4/buckets/bucket-0415,bucket-0415,Cloud Storage,E5F0-6A48-F9C1,E5F0-6A48-F9C1-price,acme-sandbox,Acme Development Sandbox,,regular,[],1.000000,2026-06-02 04:17:33,[],europe-west4,"{""Id"":""acme-sandbox"",""Name"":""Acme Development Sandbox"",""Number"":""123456789003""}","[{""Key"":""cost-center"",""Value"":""cc-2087""},{""Key"":""environment"",""Value"":""production""}]",95FF-2EF5-5EA1,,"[{""Key"":""compute.googleapis.com/machine_spec"",""Value"":""n2-standard-4""}]",[]
,92.23,01ABCD-234567-89EFGH,BillingAccount,USD,2026-06-01 00:00:00,2026-05-01 00:00:00,Usage,,Google Kubernetes Engine Autopilot Pod vCPU,2026-05-03 00:00:00,2026-05-02 00:00:00,61.900,hour,92.23,1.489984,92.23,101.79,1.644426,Standard,USD,1.489984,92.23,1.644426,61.900,hour,Google Cloud,Google Cloud,europe-west4,Netherlands,//container.googleapis.com/projects/acme-platform-prod/locations/europe-west4/clusters/cluster-0164,cluster-0164,Google Kubernetes Engine,7F3A-2C68-B04D,7F3A-2C68-B04D-price,acme-platform-prod,Acme Platform Production,,regular,[],1.000000,2026-06-02 04:17:33,"[{""Key"":""team"",""Value"":""payments""},{""Key"":""system"",""Value"":""event-bus""}]",europe-west4,"{""Id"":""acme-platform-prod"",""Name"":""Acme Platform Production"",""Number"":""123456789000""}","[{""Key"":""cost-center"",""Value"":""cc-2087""},{""Key"":""environment"",""Value"":""production""}]",CCD8-9BF1-090E,,"[{""Key"":""compute.googleapis.com/machine_spec"",""Value"":""n2-standard-4""}]","[{""Key"":""environment"",""Value"":""production"",""x_Inherited"":false,""x_Namespace"":""123456789012/environment""}]"
,36.33,01ABCD-234567-89EFGH,BillingAccount,USD,2026-06-01 00:00:00,2026-05-01 00:00:00,Usage,,BigQuery Analysis,2026-05-03 00:00:00,2026-05-02 00:00:00,561.280,tebibyte,36.33,0.064727,36.33,40.37,0.071925,Standard,USD,0.064727,36.33,0.071925,561.280,tebibyte,Google Cloud,Google Cloud,europe-west4,Netherlands,//bigquery.googleapis.com/projects/acme-sandbox/locations/europe-west4/datasets/dataset-0275,dataset-0275,BigQuery,D5B1-8E44-70A9,D5B1-8E44-70A9-price,acme-sandbox,Acme Development Sandbox,,regular,[],1.000000,2026-06-02 04:17:33,"[{""Key"":""team"",""Value"":""data-eng""},{""Key"":""system"",""Value"":""event-bus""}]",europe-west4,"{""Id"":""acme-sandbox"",""Name"":""Acme Development Sandbox"",""Number"":""123456789003""}","[{""Key"":""cost-center"",""Value"":""cc-2087""},{""Key"":""environment"",""Value"":""production""}]",24E6-581D-38E5,,"[{""Key"":""compute.googleapis.com/machine_spec"",""Value"":""n2-standard-4""}]","[{""Key"":""environment"",""Value"":""sandbox"",""x_Inherited"":false,""x_Namespace"":""123456789012/environment""}]"
,52.49,01ABCD-234567-89EFGH,BillingAccount,USD,2026-06-01 00:00:00,2026-05-01 00:00:00,Usage,,Google Kubernetes Engine Autopilot Pod vCPU,2026-05-03 00:00:00,2026-05-02 00:00:00,425.260,hour,52.49,0.123430,52.49,61.93,0.145629,Standard,USD,0.123430,52.49,0.145629,425.260,hour,Google Cloud,Google Cloud,europe-west1,Belgium,//container.googleapis.com/projects/acme-payments-prod/locations/europe-west1/clusters/cluster-0433,cluster-0433,Google Kubernetes Engine,7F3A-2C68-B04D,7F3A-2C68-B04D-price,acme-payments-prod,Acme Payments Production,,regular,[],1.000000,2026-06-02 04:17:33,[],europe-west1,"{""Id"":""acme-payments-prod"",""Name"":""Acme Payments Production"",""Number"":""123456789001""}","[{""Key"":""cost-center"",""Value"":""cc-2087""},{""Key"":""environment"",""Value"":""production""}]",CCD8-9BF1-090E,,"[{""Key"":""compute.googleapis.com/machine_spec"",""Value"":""n2-standard-4""}]",[]
,40.90,01ABCD-234567-89EFGH,BillingAccount,USD,2026-06-01 00:00:00,2026-05-01 00:00:00,Usage,,Cloud Storage Standard Storage EU,2026-05-03 00:00:00,2026-05-02 00:00:00,322.430,gibibyte month,40.90,0.126849,40.90,50.21,0.155724,Standard,USD,0.126849,40.90,0.155724,322.430,gibibyte month,Google Cloud,Google Cloud,europe-west4,Netherlands,//storage.googleapis.com/projects/acme-data-prod/locations/europe-west4/buckets/bucket-0220,bucket-0220,Cloud Storage,E5F0-6A48-F9C1,E5F0-6A48-F9C1-price,acme-data-prod,Acme Data Analytics,,regular,[],1.000000,2026-06-02 04:17:33,"[{""Key"":""team"",""Value"":""platform""},{""Key"":""system"",""Value"":""api-gateway""}]",europe-west4,"{""Id"":""acme-data-prod"",""Name"":""Acme Data Analytics"",""Number"":""123456789002""}","[{""Key"":""cost-center"",""Value"":""cc-2087""},{""Key"":""environment"",""Value"":""production""}]",95FF-2EF5-5EA1,,"[{""Key"":""compute.googleapis.com/machine_spec"",""Value"":""n2-standard-4""}]","[{""Key"":""environment"",""Value"":""staging"",""x_Inherited"":false,""x_Namespace"":""123456789012/environment""}]"
us-central1-a,0.00,01ABCD-234567-89EFGH,BillingAccount,USD,2026-06-01 00:00:00,2026-05-01 00:00:00,Usage,,Compute Engine usage covered by Committed use discount: N2 vCPU (3 year),2026-05-03 00:00:00,2026-05-02 00:00:00,22.720,hour,16.90,0.743838,16.90,27.26,1.199824,Committed,USD,0.743838,16.90,1.199824,22.720,hour,Google Cloud,Google Cloud,us-central1,Iowa,//compute.googleapis.com/projects/acme-payments-prod/zones/us-central1-a/instances/instance-0908,instance-0908,Compute Engine,2E27-4F75-95CD,2E27-4F75-95CD-price,acme-payments-prod,Acme Payments Production,,regular,"[{""Id"":""cud-compute-n2-3yr-us-central1"",""FullName"":""Committed use discount: N2 vCPU (3 year)"",""Type"":""COMMITTED_USAGE_DISCOUNT"",""Name"":""Committed use discount: N2 vCPU (3 year)"",""Amount"":-10.36}]",1.000000,2026-06-02 04:17:33,"[{""Key"":""team"",""Value"":""platform""},{""Key"":""system"",""Value"":""api-gateway""}]",us-central1,"{""Id"":""acme-payments-prod"",""Name"":""Acme Payments Production"",""Number"":""123456789001""}","[{""Key"":""cost-center"",""Value"":""cc-2087""},{""Key"":""environment"",""Value"":""production""}]",6F81-5844-456A,,"[{""Key"":""compute.googleapis.com/machine_spec"",""Value"":""n2-standard-4""}]","[{""Key"":""environment"",""Value"":""production"",""x_Inherited"":false,""x_Namespace"":""123456789012/environment""}]"
,29.73,01ABCD-234567-89EFGH,BillingAccount,USD,2026-06-01 00:00:00,2026-05-01 00:00:00,Usage,,"Confluent, Inc. — Confluent Cloud eCKU",2026-05-03 00:00:00,2026-05-02 00:00:00,239057.430,hour,29.73,0.000124,29.73,0.00,0.000000,Standard,USD,0.000124,29.73,0.000000,239057.430,hour,Google Cloud,"Confluent, Inc.",europe-west1,Belgium,//cloudcommerceconsumerprocurement.googleapis.com/projects/acme-platform-prod/locations/europe-west1/clusters/cluster-0541,cluster-0541,Confluent Cloud,B8D2-1F35-6C07,B8D2-1F35-6C07-price,acme-platform-prod,Acme Platform Production,,regular,[],1.000000,2026-06-02 04:17:33,"[{""Key"":""team"",""Value"":""security""},{""Key"":""system"",""Value"":""api-gateway""}]",europe-west1,"{""Id"":""acme-platform-prod"",""Name"":""Acme Platform Production"",""Number"":""123456789000""}","[{""Key"":""cost-center"",""Value"":""cc-2087""},{""Key"":""environment"",""Value"":""production""}]",C0AF-0C4B-3A1D,,"[{""Key"":""compute.googleapis.com/machine_spec"",""Value"":""n2-standard-4""}]","[{""Key"":""environment"",""Value"":""production"",""x_Inherited"":false,""x_Namespace"":""123456789012/environment""}]"
asia-southeast1-a,106.39,01ABCD-234567-89EFGH,BillingAccount,USD,2026-06-01 00:00:00,2026-05-01 00:00:00,Usage,,Compute Engine N2 Instance Core running,2026-05-04 00:00:00,2026-05-03 00:00:00,234.570,hour,106.39,0.453553,106.39,121.67,0.518694,Standard,USD,0.453553,106.39,0.518694,234.570,hour,Google Cloud,Google Cloud,asia-southeast1,Singapore,//compute.googleapis.com/projects/acme-platform-prod/zones/asia-southeast1-a/instances/instance-0312,instance-0312,Compute Engine,2E27-4F75-95CD,2E27-4F75-95CD-price,acme-platform-prod,Acme Platform Production,,regular,[],1.000000,2026-06-02 04:17:33,"[{""Key"":""team"",""Value"":""payments""},{""Key"":""system"",""Value"":""api-gateway""}]",asia-southeast1,"{""Id"":""acme-platform-prod"",""Name"":""Acme Platform Production"",""Number"":""123456789000""}","[{""Key"":""cost-center"",""Value"":""cc-2087""},{""Key"":""environment"",""Value"":""production""}]",6F81-5844-456A,,"[{""Key"":""compute.googleapis.com/machine_spec"",""Value"":""n2-standard-4""}]","[{""Key"":""environment"",""Value"":""sandbox"",""x_Inherited"":false,""x_Namespace"":""123456789012/environment""}]"
,91.41,01ABCD-234567-89EFGH,BillingAccount,USD,2026-06-01 00:00:00,2026-05-01 00:00:00,Usage,,Cloud SQL Cloud SQL for PostgreSQL: vCPU,2026-05-04 00:00:00,2026-05-03 00:00:00,12.590,hour,91.41,7.260524,91.41,121.91,9.683082,Standard,USD,7.260524,91.41,9.683082,12.590,hour,Google Cloud,Google Cloud,asia-southeast1,Singapore,//cloudsql.googleapis.com/projects/acme-data-prod/locations/asia-southeast1/instances/instance-0184,instance-0184,Cloud SQL,4B6D-7C15-9E22,4B6D-7C15-9E22-price,acme-data-prod,Acme Data Analytics,,regular,[],1.000000,2026-06-02 04:17:33,"[{""Key"":""team"",""Value"":""platform""},{""Key"":""system"",""Value"":""ledger""}]",asia-southeast1,"{""Id"":""acme-data-prod"",""Name"":""Acme Data Analytics"",""Number"":""123456789002""}","[{""Key"":""cost-center"",""Value"":""cc-2087""},{""Key"":""environment"",""Value"":""production""}]",9662-B51E-5089,,"[{""Key"":""compute.googleapis.com/machine_spec"",""Value"":""n2-standard-4""}]","[{""Key"":""environment"",""Value"":""sandbox"",""x_Inherited"":false,""x_Namespace"":""123456789012/environment""}]"
,99.81,01ABCD-234567-89EFGH,BillingAccount,USD,2026-06-01 00:00:00,2026-05-01 00:00:00,Usage,,Cloud Storage Standard Storage EU,2026-05-04 00:00:00,2026-05-03 00:00:00,638.990,gibibyte month,99.81,0.156200,99.81,135.27,0.211693,Standard,USD,0.156200,99.81,0.211693,638.990,gibibyte month,Google Cloud,Google Cloud,europe-west4,Netherlands,//storage.googleapis.com/projects/acme-sandbox/locations/europe-west4/buckets/bucket-0488,bucket-0488,Cloud Storage,E5F0-6A48-F9C1,E5F0-6A48-F9C1-price,acme-sandbox,Acme Development Sandbox,,regular,[],1.000000,2026-06-02 04:17:33,"[{""Key"":""team"",""Value"":""data-eng""},{""Key"":""system"",""Value"":""risk-engine""}]",europe-west4,"{""Id"":""acme-sandbox"",""Name"":""Acme Development Sandbox"",""Number"":""123456789003""}","[{""Key"":""cost-center"",""Value"":""cc-2087""},{""Key"":""environment"",""Value"":""production""}]",95FF-2EF5-5EA1,,"[{""Key"":""compute.googleapis.com/machine_spec"",""Value"":""n2-standard-4""}]","[{""Key"":""environment"",""Value"":""production"",""x_Inherited"":false,""x_Namespace"":""123456789012/environment""}]"
us-east4-a,59.36,01ABCD-234567-89EFGH,BillingAccount,USD,2026-06-01 00:00:00,2026-05-01 00:00:00,Usage,,Compute Engine N2 Instance Core running,2026-05-04 00:00:00,2026-05-03 00:00:00,654.830,hour,59.36,0.090649,59.36,65.05,0.099339,Standard,USD,0.090649,59.36,0.099339,654.830,hour,Google Cloud,Google Cloud,us-east4,Northern Virginia,//compute.googleapis.com/projects/acme-sandbox/zones/us-east4-a/instances/instance-0323,instance-0323,Compute Engine,2E27-4F75-95CD,2E27-4F75-95CD-price,acme-sandbox,Acme Development Sandbox,,regular,[],1.000000,2026-06-02 04:17:33,"[{""Key"":""team"",""Value"":""data-eng""},{""Key"":""system"",""Value"":""risk-engine""}]",us-east4,"{""Id"":""acme-sandbox"",""Name"":""Acme Development Sandbox"",""Number"":""123456789003""}","[{""Key"":""cost-center"",""Value"":""cc-2087""},{""Key"":""environment"",""Value"":""production""}]",6F81-5844-456A,,"[{""Key"":""compute.googleapis.com/machine_spec"",""Value"":""n2-standard-4""}]","[{""Key"":""environment"",""Value"":""sandbox"",""x_Inherited"":false,""x_Namespace"":""123456789012/environment""}]"
europe-west4-a,128.27,01ABCD-234567-89EFGH,BillingAccount,USD,2026-06-01 00:00:00,2026-05-01 00:00:00,Usage,,Compute Engine N2 Instance Core running,2026-05-04 00:00:00,2026-05-03 00:00:00,513.010,hour,128.27,0.250034,128.27,159.17,0.310267,Standard,USD,0.250034,128.27,0.310267,513.010,hour,Google Cloud,Google Cloud,europe-west4,Netherlands,//compute.googleapis.com/projects/acme-payments-prod/zones/europe-west4-a/instances/instance-0317,instance-0317,Compute Engine,2E27-4F75-95CD,2E27-4F75-95CD-price,acme-payments-prod,Acme Payments Production,,regular,[],1.000000,2026-06-02 04:17:33,"[{""Key"":""team"",""Value"":""data-eng""},{""Key"":""system"",""Value"":""risk-engine""}]",europe-west4,"{""Id"":""acme-payments-prod"",""Name"":""Acme Payments Production"",""Number"":""123456789001""}","[{""Key"":""cost-center"",""Value"":""cc-2087""},{""Key"":""environment"",""Value"":""production""}]",6F81-5844-456A,,"[{""Key"":""compute.googleapis.com/machine_spec"",""Value"":""n2-standard-4""}]","[{""Key"":""environment"",""Value"":""production"",""x_Inherited"":false,""x_Namespace"":""123456789012/environment""}]"
,145.28,01ABCD-234567-89EFGH,BillingAccount,USD,2026-06-01 00:00:00,2026-05-01 00:00:00,Usage,,Cloud Run Cloud Run CPU Allocation Time,2026-05-04 00:00:00,2026-05-03 00:00:00,335.010,second,145.28,0.433659,145.28,169.36,0.505537,Standard,USD,0.433659,145.28,0.505537,335.010,second,Google Cloud,Google Cloud,europe-west1,Belgium,//run.googleapis.com/projects/acme-platform-prod/locations/europe-west1/services/service-0226,service-0226,Cloud Run,A1C3-9B27-4D65,A1C3-9B27-4D65-price,acme-platform-prod,Acme Platform Production,,regular,[],1.000000,2026-06-02 04:17:33,"[{""Key"":""team"",""Value"":""payments""},{""Key"":""system"",""Value"":""api-gateway""}]",europe-west1,"{""Id"":""acme-platform-prod"",""Name"":""Acme Platform Production"",""Number"":""123456789000""}","[{""Key"":""cost-center"",""Value"":""cc-2087""},{""Key"":""environment"",""Value"":""production""}]",152E-C115-5142,,"[{""Key"":""compute.googleapis.com/machine_spec"",""Value"":""n2-standard-4""}]","[{""Key"":""environment"",""Value"":""sandbox"",""x_Inherited"":false,""x_Namespace"":""123456789012/environment""}]"
us-central1-a,0.00,01ABCD-234567-89EFGH,BillingAccount,USD,2026-06-01 00:00:00,2026-05-01 00:00:00,Usage,,Compute Engine usage covered by Committed use discount: N2 vCPU (3 year),2026-05-04 00:00:00,2026-05-03 00:00:00,21.760,hour,13.19,0.606158,13.19,21.27,0.977482,Committed,USD,0.606158,13.19,0.977482,21.760,hour,Google Cloud,Google Cloud,us-central1,Iowa,//compute.googleapis.com/projects/acme-sandbox/zones/us-central1-a/instances/instance-0910,instance-0910,Compute Engine,2E27-4F75-95CD,2E27-4F75-95CD-price,acme-sandbox,Acme Development Sandbox,,regular,"[{""Id"":""cud-compute-n2-3yr-us-central1"",""FullName"":""Committed use discount: N2 vCPU (3 year)"",""Type"":""COMMITTED_USAGE_DISCOUNT"",""Name"":""Committed use discount: N2 vCPU (3 year)"",""Amount"":-8.08}]",1.000000,2026-06-02 04:17:33,"[{""Key"":""team"",""Value"":""security""},{""Key"":""system"",""Value"":""api-gateway""}]",us-central1,"{""Id"":""acme-sandbox"",""Name"":""Acme Development Sandbox"",""Number"":""123456789003""}","[{""Key"":""cost-center"",""Value"":""cc-2087""},{""Key"":""environment"",""Value"":""production""}]",6F81-5844-456A,,"[{""Key"":""compute.googleapis.com/machine_spec"",""Value"":""n2-standard-4""}]","[{""Key"":""environment"",""Value"":""staging"",""x_Inherited"":false,""x_Namespace"":""123456789012/environment""}]"
,8.86,01ABCD-234567-89EFGH,BillingAccount,USD,2026-06-01 00:00:00,2026-05-01 00:00:00,Usage,,"Confluent, Inc. — Confluent Cloud eCKU",2026-05-04 00:00:00,2026-05-03 00:00:00,291655.450,hour,8.86,0.000030,8.86,0.00,0.000000,Standard,USD,0.000030,8.86,0.000000,291655.450,hour,Google Cloud,"Confluent, Inc.",us-east4,Northern Virginia,//cloudcommerceconsumerprocurement.googleapis.com/projects/acme-platform-prod/locations/us-east4/clusters/cluster-0526,cluster-0526,Confluent Cloud,B8D2-1F35-6C07,B8D2-1F35-6C07-price,acme-platform-prod,Acme Platform Production,,regular,[],1.000000,2026-06-02 04:17:33,"[{""Key"":""team"",""Value"":""platform""},{""Key"":""system"",""Value"":""event-bus""}]",us-east4,"{""Id"":""acme-platform-prod"",""Name"":""Acme Platform Production"",""Number"":""123456789000""}","[{""Key"":""cost-center"",""Value"":""cc-2087""},{""Key"":""environment"",""Value"":""production""}]",C0AF-0C4B-3A1D,,"[{""Key"":""compute.googleapis.com/machine_spec"",""Value"":""n2-standard-4""}]","[{""Key"":""environment"",""Value"":""staging"",""x_Inherited"":false,""x_Namespace"":""123456789012/environment""}]"
europe-west4-a,82.64,01ABCD-234567-89EFGH,BillingAccount,USD,2026-06-01 00:00:00,2026-05-01 00:00:00,Usage,,Compute Engine N2 Instance Core running,2026-05-05 00:00:00,2026-05-04 00:00:00,709.070,hour,82.64,0.116547,82.64,96.27,0.135769,Standard,USD,0.116547,82.64,0.135769,709.070,hour,Google Cloud,Google Cloud,europe-west4,Netherlands,//compute.googleapis.com/projects/acme-data-prod/zones/europe-west4-a/instances/instance-0315,instance-0315,Compute Engine,2E27-4F75-95CD,2E27-4F75-95CD-price,acme-data-prod,Acme Data Analytics,,regular,[],1.000000,2026-06-02 04:17:33,"[{""Key"":""team"",""Value"":""security""},{""Key"":""system"",""Value"":""api-gateway""}]",europe-west4,"{""Id"":""acme-data-prod"",""Name"":""Acme Data Analytics"",""Number"":""123456789002""}","[{""Key"":""cost-center"",""Value"":""cc-2087""},{""Key"":""environment"",""Value"":""production""}]",6F81-5844-456A,,"[{""Key"":""compute.googleapis.com/machine_spec"",""Value"":""n2-standard-4""}]","[{""Key"":""environment"",""Value"":""sandbox"",""x_Inherited"":false,""x_Namespace"":""123456789012/environment""}]"
,136.42,01ABCD-234567-89EFGH,BillingAccount,USD,2026-06-01 00:00:00,2026-05-01 00:00:00,Usage,,Cloud SQL Cloud SQL for PostgreSQL: vCPU,2026-05-05 00:00:00,2026-05-04 00:00:00,541.480,hour,136.42,0.251939,136.42,168.08,0.310409,Standard,USD,0.251939,136.42,0.310409,541.480,hour,Google Cloud,Google Cloud,us-central1,Iowa,//cloudsql.googleapis.com/projects/acme-payments-prod/locations/us-central1/instances/instance-0368,instance-0368,Cloud SQL,4B6D-7C15-9E22,4B6D-7C15-9E22-price,acme-payments-prod,Acme Payments Production,,regular,[],1.000000,2026-06-02 04:17:33,"[{""Key"":""team"",""Value"":""payments""},{""Key"":""system"",""Value"":""ledger""}]",us-central1,"{""Id"":""acme-payments-prod"",""Name"":""Acme Payments Production"",""Number"":""123456789001""}","[{""Key"":""cost-center"",""Value"":""cc-2087""},{""Key"":""environment"",""Value"":""production""}]",9662-B51E-5089,,"[{""Key"":""compute.googleapis.com/machine_spec"",""Value"":""n2-standard-4""}]","[{""Key"":""environment"",""Value"":""sandbox"",""x_Inherited"":false,""x_Namespace"":""123456789012/environment""}]"
us-east4-a,111.96,01ABCD-234567-89EFGH,BillingAccount,USD,2026-06-01 00:00:00,2026-05-01 00:00:00,Usage,,Compute Engine N2 Instance Core running,2026-05-05 00:00:00,2026-05-04 00:00:00,300.740,hour,111.96,0.372282,111.96,133.77,0.444803,Standard,USD,0.372282,111.96,0.444803,300.740,hour,Google Cloud,Google Cloud,us-east4,Northern Virginia,//compute.googleapis.com/projects/acme-data-prod/zones/us-east4-a/instances/instance-0359,instance-0359,Compute Engine,2E27-4F75-95CD,2E27-4F75-95CD-price,acme-data-prod,Acme Data Analytics,,regular,[],1.000000,2026-06-02 04:17:33,"[{""Key"":""team"",""Value"":""data-eng""},{""Key"":""system"",""Value"":""event-bus""}]",us-east4,"{""Id"":""acme-data-prod"",""Name"":""Acme Data Analytics"",""Number"":""123456789002""}","[{""Key"":""cost-center"",""Value"":""cc-2087""},{""Key"":""environment"",""Value"":""production""}]",6F81-5844-456A,,"[{""Key"":""compute.googleapis.com/machine_spec"",""Value"":""n2-standard-4""}]","[{""Key"":""environment"",""Value"":""production"",""x_Inherited"":false,""x_Namespace"":""123456789012/environment""}]"
,94.72,01ABCD-234567-89EFGH,BillingAccount,USD,2026-06-01 00:00:00,2026-05-01 00:00:00,Usage,,Cloud SQL Cloud SQL for PostgreSQL: vCPU,2026-05-05 00:00:00,2026-05-04 00:00:00,341.730,hour,94.72,0.277178,94.72,105.69,0.309279,Standard,USD,0.277178,94.72,0.309279,341.730,hour,Google Cloud,Google Cloud,europe-west4,Netherlands,//cloudsql.googleapis.com/projects/acme-data-prod/locations/europe-west4/instances/instance-0257,instance-0257,Cloud SQL,4B6D-7C15-9E22,4B6D-7C15-9E22-price,acme-data-prod,Acme Data Analytics,,regular,[],1.000000,2026-06-02 04:17:33,"[{""Key"":""team"",""Value"":""data-eng""},{""Key"":""system"",""Value"":""event-bus""}]",europe-west4,"{""Id"":""acme-data-prod"",""Name"":""Acme Data Analytics"",""Number"":""123456789002""}","[{""Key"":""cost-center"",""Value"":""cc-2087""},{""Key"":""environment"",""Value"":""production""}]",9662-B51E-5089,,"[{""Key"":""compute.googleapis.com/machine_spec"",""Value"":""n2-standard-4""}]","[{""Key"":""environment"",""Value"":""production"",""x_Inherited"":false,""x_Namespace"":""123456789012/environment""}]"
,114.15,01ABCD-234567-89EFGH,BillingAccount,USD,2026-06-01 00:00:00,2026-05-01 00:00:00,Usage,,Google Kubernetes Engine Autopilot Pod vCPU,2026-05-05 00:00:00,2026-05-04 00:00:00,131.850,hour,114.15,0.865757,114.15,136.20,1.032992,Standard,USD,0.865757,114.15,1.032992,131.850,hour,Google Cloud,Google Cloud,asia-southeast1,Singapore,//container.googleapis.com/projects/acme-platform-prod/locations/asia-southeast1/clusters/cluster-0174,cluster-0174,Google Kubernetes Engine,7F3A-2C68-B04D,7F3A-2C68-B04D-price,acme-platform-prod,Acme Platform Production,,regular,[],1.000000,2026-06-02 04:17:33,"[{""Key"":""team"",""Value"":""data-eng""},{""Key"":""system"",""Value"":""event-bus""}]",asia-southeast1,"{""Id"":""acme-platform-prod"",""Name"":""Acme Platform Production"",""Number"":""123456789000""}","[{""Key"":""cost-center"",""Value"":""cc-2087""},{""Key"":""environment"",""Value"":""production""}]",CCD8-9BF1-090E,,"[{""Key"":""compute.googleapis.com/machine_spec"",""Value"":""n2-standard-4""}]","[{""Key"":""environment"",""Value"":""sandbox"",""x_Inherited"":false,""x_Namespace"":""123456789012/environment""}]"
,46.89,01ABCD-234567-89EFGH,BillingAccount,USD,2026-06-01 00:00:00,2026-05-01 00:00:00,Usage,,Cloud SQL Cloud SQL for PostgreSQL: vCPU,2026-05-05 00:00:00,2026-05-04 00:00:00,259.250,hour,46.89,0.180868,46.89,57.45,0.221601,Standard,USD,0.180868,46.89,0.221601,259.250,hour,Google Cloud,Google Cloud,us-east4,Northern Virginia,//cloudsql.googleapis.com/projects/acme-sandbox/locations/us-east4/instances/instance-0304,instance-0304,Cloud SQL,4B6D-7C15-9E22,4B6D-7C15-9E22-price,acme-sandbox,Acme Development Sandbox,,regular,[],1.000000,2026-06-02 04:17:33,"[{""Key"":""team"",""Value"":""payments""},{""Key"":""system"",""Value"":""api-gateway""}]",us-east4,"{""Id"":""acme-sandbox"",""Name"":""Acme Development Sandbox"",""Number"":""123456789003""}","[{""Key"":""cost-center"",""Value"":""cc-2087""},{""Key"":""environment"",""Value"":""production""}]",9662-B51E-5089,,"[{""Key"":""compute.googleapis.com/machine_spec"",""Value"":""n2-standard-4""}]","[{""Key"":""environment"",""Value"":""production"",""x_Inherited"":false,""x_Namespace"":""123456789012/environment""}]"
us-central1-a,0.00,01ABCD-234567-89EFGH,BillingAccount,USD,2026-06-01 00:00:00,2026-05-01 00:00:00,Usage,,Compute Engine usage covered by Committed use discount: N2 vCPU (3 year),2026-05-05 00:00:00,2026-05-04 00:00:00,16.240,hour,38.79,2.388547,38.79,62.57,3.852833,Committed,USD,2.388547,38.79,3.852833,16.240,hour,Google Cloud,Google Cloud,us-central1,Iowa,//compute.googleapis.com/projects/acme-platform-prod/zones/us-central1-a/instances/instance-0900,instance-0900,Compute Engine,2E27-4F75-95CD,2E27-4F75-95CD-price,acme-platform-prod,Acme Platform Production,,regular,"[{""Id"":""cud-compute-n2-3yr-us-central1"",""FullName"":""Committed use discount: N2 vCPU (3 year)"",""Type"":""COMMITTED_USAGE_DISCOUNT"",""Name"":""Committed use discount: N2 vCPU (3 year)"",""Amount"":-23.78}]",1.000000,2026-06-02 04:17:33,"[{""Key"":""team"",""Value"":""platform""},{""Key"":""system"",""Value"":""api-gateway""}]",us-central1,"{""Id"":""acme-platform-prod"",""Name"":""Acme Platform Production"",""Number"":""123456789000""}","[{""Key"":""cost-center"",""Value"":""cc-2087""},{""Key"":""environment"",""Value"":""production""}]",6F81-5844-456A,,"[{""Key"":""compute.googleapis.com/machine_spec"",""Value"":""n2-standard-4""}]","[{""Key"":""environment"",""Value"":""production"",""x_Inherited"":false,""x_Namespace"":""123456789012/environment""}]"
,3.65,01ABCD-234567-89EFGH,BillingAccount,USD,2026-06-01 00:00:00,2026-05-01 00:00:00,Usage,,"Confluent, Inc. — Confluent Cloud eCKU",2026-05-05 00:00:00,2026-05-04 00:00:00,419428.500,hour,3.65,0.000009,3.65,0.00,0.000000,Standard,USD,0.000009,3.65,0.000000,419428.500,hour,Google Cloud,"Confluent, Inc.",asia-southeast1,Singapore,//cloudcommerceconsumerprocurement.googleapis.com/projects/acme-payments-prod/locations/asia-southeast1/clusters/cluster-0536,cluster-0536,Confluent Cloud,B8D2-1F35-6C07,B8D2-1F35-6C07-price,acme-payments-prod,Acme Payments Production,,regular,[],1.000000,2026-06-02 04:17:33,"[{""Key"":""team"",""Value"":""security""},{""Key"":""system"",""Value"":""risk-engine""}]",asia-southeast1,"{""Id"":""acme-payments-prod"",""Name"":""Acme Payments Production"",""Number"":""123456789001""}","[{""Key"":""cost-center"",""Value"":""cc-2087""},{""Key"":""environment"",""Value"":""production""}]",C0AF-0C4B-3A1D,,"[{""Key"":""compute.googleapis.com/machine_spec"",""Value"":""n2-standard-4""}]","[{""Key"":""environment"",""Value"":""production"",""x_Inherited"":false,""x_Namespace"":""123456789012/environment""}]"
,31.18,01ABCD-234567-89EFGH,BillingAccount,USD,2026-06-01 00:00:00,2026-05-01 00:00:00,Usage,,Cloud Run Cloud Run CPU Allocation Time,2026-05-06 00:00:00,2026-05-05 00:00:00,645.600,second,31.18,0.048296,31.18,34.22,0.053005,Standard,USD,0.048296,31.18,0.053005,645.600,second,Google Cloud,Google Cloud,europe-west1,Belgium,//run.googleapis.com/projects/acme-data-prod/locations/europe-west1/services/service-0111,service-0111,Cloud Run,A1C3-9B27-4D65,A1C3-9B27-4D65-price,acme-data-prod,Acme Data Analytics,,regular,[],1.000000,2026-06-02 04:17:33,"[{""Key"":""team"",""Value"":""data-eng""},{""Key"":""system"",""Value"":""ledger""}]",europe-west1,"{""Id"":""acme-data-prod"",""Name"":""Acme Data Analytics"",""Number"":""123456789002""}","[{""Key"":""cost-center"",""Value"":""cc-2087""},{""Key"":""environment"",""Value"":""production""}]",152E-C115-5142,,"[{""Key"":""compute.googleapis.com/machine_spec"",""Value"":""n2-standard-4""}]","[{""Key"":""environment"",""Value"":""sandbox"",""x_Inherited"":false,""x_Namespace"":""123456789012/environment""}]"
,30.38,01ABCD-234567-89EFGH,BillingAccount,USD,2026-06-01 00:00:00,2026-05-01 00:00:00,Usage,,Cloud Storage Standard Storage EU,2026-05-06 00:00:00,2026-05-05 00:00:00,54.210,gibibyte month,30.38,0.560413,30.38,36.37,0.670909,Standard,USD,0.560413,30.38,0.670909,54.210,gibibyte month,Google Cloud,Google Cloud,us-central1,Iowa,//storage.googleapis.com/projects/acme-sandbox/locations/us-central1/buckets/bucket-0310,bucket-0310,Cloud Storage,E5F0-6A48-F9C1,E5F0-6A48-F9C1-price,acme-sandbox,Acme Development Sandbox,,regular,[],1.000000,2026-06-02 04:17:33,"[{""Key"":""team"",""Value"":""platform""},{""Key"":""system"",""Value"":""risk-engine""}]",us-central1,"{""Id"":""acme-sandbox"",""Name"":""Acme Development Sandbox"",""Number"":""123456789003""}","[{""Key"":""cost-center"",""Value"":""cc-2087""},{""Key"":""environment"",""Value"":""production""}]",95FF-2EF5-5EA1,,"[{""Key"":""compute.googleapis.com/machine_spec"",""Value"":""n2-standard-4""}]","[{""Key"":""environment"",""Value"":""staging"",""x_Inherited"":false,""x_Namespace"":""123456789012/environment""}]"
europe-west1-a,42.27,01ABCD-234567-89EFGH,BillingAccount,USD,2026-06-01 00:00:00,2026-05-01 00:00:00,Usage,,Compute Engine N2 Instance Core running,2026-05-06 00:00:00,2026-05-05 00:00:00,142.910,hour,42.27,0.295781,42.27,48.43,0.338885,Standard,USD,0.295781,42.27,0.338885,142.910,hour,Google Cloud,Google Cloud,europe-west1,Belgium,//compute.googleapis.com/projects/acme-sandbox/zones/europe-west1-a/instances/instance-0388,instance-0388,Compute Engine,2E27-4F75-95CD,2E27-4F75-95CD-price,acme-sandbox,Acme Development Sandbox,,regular,[],1.000000,2026-06-02 04:17:33,[],europe-west1,"{""Id"":""acme-sandbox"",""Name"":""Acme Development Sandbox"",""Number"":""123456789003""}","[{""Key"":""cost-center"",""Value"":""cc-2087""},{""Key"":""environment"",""Value"":""production""}]",6F81-5844-456A,,"[{""Key"":""compute.googleapis.com/machine_spec"",""Value"":""n2-standard-4""}]",[]
,8.95,01ABCD-234567-89EFGH,BillingAccount,USD,2026-06-01 00:00:00,2026-05-01 00:00:00,Usage,,Cloud SQL Cloud SQL for PostgreSQL: vCPU,2026-05-06 00:00:00,2026-05-05 00:00:00,375.460,hour,8.95,0.023837,8.95,11.02,0.029351,Standard,USD,0.023837,8.95,0.029351,375.460,hour,Google Cloud,Google Cloud,us-central1,Iowa,//cloudsql.googleapis.com/projects/acme-payments-prod/locations/us-central1/instances/instance-0304,instance-0304,Cloud SQL,4B6D-7C15-9E22,4B6D-7C15-9E22-price,acme-payments-prod,Acme Payments Production,,regular,[],1.000000,2026-06-02 04:17:33,"[{""Key"":""team"",""Value"":""payments""},{""Key"":""system"",""Value"":""ledger""}]",us-central1,"{""Id"":""acme-payments-prod"",""Name"":""Acme Payments Production"",""Number"":""123456789001""}","[{""Key"":""cost-center"",""Value"":""cc-2087""},{""Key"":""environment"",""Value"":""production""}]",9662-B51E-5089,,"[{""Key"":""compute.googleapis.com/machine_spec"",""Value"":""n2-standard-4""}]","[{""Key"":""environment"",""Value"":""staging"",""x_Inherited"":false,""x_Namespace"":""123456789012/environment""}]"
,29.30,01ABCD-234567-89EFGH,BillingAccount,USD,2026-06-01 00:00:00,2026-05-01 00:00:00,Usage,,Cloud SQL Cloud SQL for PostgreSQL: vCPU,2026-05-06 00:00:00,2026-05-05 00:00:00,661.160,hour,29.30,0.044316,29.30,40.19,0.060787,Standard,USD,0.044316,29.30,0.060787,661.160,hour,Google Cloud,Google Cloud,asia-southeast1,Singapore,//cloudsql.googleapis.com/projects/acme-data-prod/locations/asia-southeast1/instances/instance-0284,instance-0284,Cloud SQL,4B6D-7C15-9E22,4B6D-7C15-9E22-price,acme-data-prod,Acme Data Analytics,,regular,[],1.000000,2026-06-02 04:17:33,"[{""Key"":""team"",""Value"":""payments""},{""Key"":""system"",""Value"":""risk-engine""}]",asia-southeast1,"{""Id"":""acme-data-prod"",""Name"":""Acme Data Analytics"",""Number"":""123456789002""}","[{""Key"":""cost-center"",""Value"":""cc-2087""},{""Key"":""environment"",""Value"":""production""}]",9662-B51E-5089,,"[{""Key"":""compute.googleapis.com/machine_spec"",""Value"":""n2-standard-4""}]","[{""Key"":""environment"",""Value"":""production"",""x_Inherited"":false,""x_Namespace"":""123456789012/environment""}]"
,155.98,01ABCD-234567-89EFGH,BillingAccount,USD,2026-06-01 00:00:00,2026-05-01 00:00:00,Usage,,Cloud SQL Cloud SQL for PostgreSQL: vCPU,2026-05-06 00:00:00,2026-05-05 00:00:00,601.360,hour,155.98,0.259379,155.98,172.14,0.286251,Standard,USD,0.259379,155.98,0.286251,601.360,hour,Google Cloud,Google Cloud,us-central1,Iowa,//cloudsql.googleapis.com/projects/acme-data-prod/locations/us-central1/instances/instance-0297,instance-0297,Cloud SQL,4B6D-7C15-9E22,4B6D-7C15-9E22-price,acme-data-prod,Acme Data Analytics,,regular,[],1.000000,2026-06-02 04:17:33,"[{""Key"":""team"",""Value"":""platform""},{""Key"":""system"",""Value"":""event-bus""}]",us-central1,"{""Id"":""acme-data-prod"",""Name"":""Acme Data Analytics"",""Number"":""123456789002""}","[{""Key"":""cost-center"",""Value"":""cc-2087""},{""Key"":""environment"",""Value"":""production""}]",9662-B51E-5089,,"[{""Key"":""compute.googleapis.com/machine_spec"",""Value"":""n2-standard-4""}]","[{""Key"":""environment"",""Value"":""production"",""x_Inherited"":false,""x_Namespace"":""123456789012/environment""}]"
us-central1-a,0.00,01ABCD-234567-89EFGH,BillingAccount,USD,2026-06-01 00:00:00,2026-05-01 00:00:00,Usage,,Compute Engine usage covered by Committed use discount: N2 vCPU (3 year),2026-05-06 00:00:00,2026-05-05 00:00:00,19.830,hour,31.29,1.577912,31.29,50.47,2.545134,Committed,USD,1.577912,31.29,2.545134,19.830,hour,Google Cloud,Google Cloud,us-central1,Iowa,//compute.googleapis.com/projects/acme-platform-prod/zones/us-central1-a/instances/instance-0909,instance-0909,Compute Engine,2E27-4F75-95CD,2E27-4F75-95CD-price,acme-platform-prod,Acme Platform Production,,regular,"[{""Id"":""cud-compute-n2-3yr-us-central1"",""FullName"":""Committed use discount: N2 vCPU (3 year)"",""Type"":""COMMITTED_USAGE_DISCOUNT"",""Name"":""Committed use discount: N2 vCPU (3 year)"",""Amount"":-19.18}]",1.000000,2026-06-02 04:17:33,"[{""Key"":""team"",""Value"":""data-eng""},{""Key"":""system"",""Value"":""risk-engine""}]",us-central1,"{""Id"":""acme-platform-prod"",""Name"":""Acme Platform Production"",""Number"":""123456789000""}","[{""Key"":""cost-center"",""Value"":""cc-2087""},{""Key"":""environment"",""Value"":""production""}]",6F81-5844-456A,,"[{""Key"":""compute.googleapis.com/machine_spec"",""Value"":""n2-standard-4""}]","[{""Key"":""environment"",""Value"":""production"",""x_Inherited"":false,""x_Namespace"":""123456789012/environment""}]"
,2.54,01ABCD-234567-89EFGH,BillingAccount,USD,2026-06-01 00:00:00,2026-05-01 00:00:00,Usage,,"Confluent, Inc. — Confluent Cloud eCKU",2026-05-06 00:00:00,2026-05-05 00:00:00,707670.110,hour,2.54,0.000004,2.54,0.00,0.000000,Standard,USD,0.000004,2.54,0.000000,707670.110,hour,Google Cloud,"Confluent, Inc.",us-east4,Northern Virginia,//cloudcommerceconsumerprocurement.googleapis.com/projects/acme-platform-prod/locations/us-east4/clusters/cluster-0502,cluster-0502,Confluent Cloud,B8D2-1F35-6C07,B8D2-1F35-6C07-price,acme-platform-prod,Acme Platform Production,,regular,[],1.000000,2026-06-02 04:17:33,"[{""Key"":""team"",""Value"":""platform""},{""Key"":""system"",""Value"":""event-bus""}]",us-east4,"{""Id"":""acme-platform-prod"",""Name"":""Acme Platform Production"",""Number"":""123456789000""}","[{""Key"":""cost-center"",""Value"":""cc-2087""},{""Key"":""environment"",""Value"":""production""}]",C0AF-0C4B-3A1D,,"[{""Key"":""compute.googleapis.com/machine_spec"",""Value"":""n2-standard-4""}]","[{""Key"":""environment"",""Value"":""production"",""x_Inherited"":false,""x_Namespace"":""123456789012/environment""}]"
,75.87,01ABCD-234567-89EFGH,BillingAccount,USD,2026-06-01 00:00:00,2026-05-01 00:00:00,Usage,,Cloud Storage Standard Storage EU,2026-05-07 00:00:00,2026-05-06 00:00:00,546.760,gibibyte month,75.87,0.138763,75.87,99.64,0.182237,Standard,USD,0.138763,75.87,0.182237,546.760,gibibyte month,Google Cloud,Google Cloud,us-east4,Northern Virginia,//storage.googleapis.com/projects/acme-data-prod/locations/us-east4/buckets/bucket-0465,bucket-0465,Cloud Storage,E5F0-6A48-F9C1,E5F0-6A48-F9C1-price,acme-data-prod,Acme Data Analytics,,regular,[],1.000000,2026-06-02 04:17:33,"[{""Key"":""team"",""Value"":""payments""},{""Key"":""system"",""Value"":""risk-engine""}]",us-east4,"{""Id"":""acme-data-prod"",""Name"":""Acme Data Analytics"",""Number"":""123456789002""}","[{""Key"":""cost-center"",""Value"":""cc-2087""},{""Key"":""environment"",""Value"":""production""}]",95FF-2EF5-5EA1,,"[{""Key"":""compute.googleapis.com/machine_spec"",""Value"":""n2-standard-4""}]","[{""Key"":""environment"",""Value"":""sandbox"",""x_Inherited"":false,""x_Namespace"":""123456789012/environment""}]"
,28.37,01ABCD-234567-89EFGH,BillingAccount,USD,2026-06-01 00:00:00,2026-05-01 00:00:00,Usage,,Google Kubernetes Engine Autopilot Pod vCPU,2026-05-07 00:00:00,2026-05-06 00:00:00,455.680,hour,28.37,0.062259,28.37,32.13,0.070510,Standard,USD,0.062259,28.37,0.070510,455.680,hour,Google Cloud,Google Cloud,europe-west4,Netherlands,//container.googleapis.com/projects/acme-platform-prod/locations/europe-west4/clusters/cluster-0231,cluster-0231,Google Kubernetes Engine,7F3A-2C68-B04D,7F3A-2C68-B04D-price,acme-platform-prod,Acme Platform Production,,regular,[],1.000000,2026-06-02 04:17:33,"[{""Key"":""team"",""Value"":""platform""},{""Key"":""system"",""Value"":""risk-engine""}]",europe-west4,"{""Id"":""acme-platform-prod"",""Name"":""Acme Platform Production"",""Number"":""123456789000""}","[{""Key"":""cost-center"",""Value"":""cc-2087""},{""Key"":""environment"",""Value"":""production""}]",CCD8-9BF1-090E,,"[{""Key"":""compute.googleapis.com/machine_spec"",""Value"":""n2-standard-4""}]","[{""Key"":""environment"",""Value"":""production"",""x_Inherited"":false,""x_Namespace"":""123456789012/environment""}]"
,114.33,01ABCD-234567-89EFGH,BillingAccount,USD,2026-06-01 00:00:00,2026-05-01 00:00:00,Usage,,BigQuery Analysis,2026-05-07 00:00:00,2026-05-06 00:00:00,641.970,tebibyte,114.33,0.178092,114.33,152.24,0.237145,Standard,USD,0.178092,114.33,0.237145,641.970,tebibyte,Google Cloud,Google Cloud,europe-west4,Netherlands,//bigquery.googleapis.com/projects/acme-sandbox/locations/europe-west4/datasets/dataset-0239,dataset-0239,BigQuery,D5B1-8E44-70A9,D5B1-8E44-70A9-price,acme-sandbox,Acme Development Sandbox,,regular,[],1.000000,2026-06-02 04:17:33,"[{""Key"":""team"",""Value"":""data-eng""},{""Key"":""system"",""Value"":""api-gateway""}]",europe-west4,"{""Id"":""acme-sandbox"",""Name"":""Acme Development Sandbox"",""Number"":""123456789003""}","[{""Key"":""cost-center"",""Value"":""cc-2087""},{""Key"":""environment"",""Value"":""production""}]",24E6-581D-38E5,,"[{""Key"":""compute.googleapis.com/machine_spec"",""Value"":""n2-standard-4""}]","[{""Key"":""environment"",""Value"":""staging"",""x_Inherited"":false,""x_Namespace"":""123456789012/environment""}]"
,21.18,01ABCD-234567-89EFGH,BillingAccount,USD,2026-06-01 00:00:00,2026-05-01 00:00:00,Usage,,Google Kubernetes Engine Autopilot Pod vCPU,2026-05-07 00:00:00,2026-05-06 00:00:00,689.740,hour,21.18,0.030707,21.18,25.26,0.036622,Standard,USD,0.030707,21.18,0.036622,689.740,hour,Google Cloud,Google Cloud,asia-southeast1,Singapore,//container.googleapis.com/projects/acme-platform-prod/locations/asia-southeast1/clusters/cluster-0389,cluster-0389,Google Kubernetes Engine,7F3A-2C68-B04D,7F3A-2C68-B04D-price,acme-platform-prod,Acme Platform Production,,regular,[],1.000000,2026-06-02 04:17:33,"[{""Key"":""team"",""Value"":""payments""},{""Key"":""system"",""Value"":""ledger""}]",asia-southeast1,"{""Id"":""acme-platform-prod"",""Name"":""Acme Platform Production"",""Number"":""123456789000""}","[{""Key"":""cost-center"",""Value"":""cc-2087""},{""Key"":""environment"",""Value"":""production""}]",CCD8-9BF1-090E,,"[{""Key"":""compute.googleapis.com/machine_spec"",""Value"":""n2-standard-4""}]","[{""Key"":""environment"",""Value"":""sandbox"",""x_Inherited"":false,""x_Namespace"":""123456789012/environment""}]"
,63.96,01ABCD-234567-89EFGH,BillingAccount,USD,2026-06-01 00:00:00,2026-05-01 00:00:00,Usage,,Google Kubernetes Engine Autopilot Pod vCPU,2026-05-07 00:00:00,2026-05-06 00:00:00,33.160,hour,63.96,1.928830,63.96,78.46,2.366104,Standard,USD,1.928830,63.96,2.366104,33.160,hour,Google Cloud,Google Cloud,us-central1,Iowa,//container.googleapis.com/projects/acme-sandbox/locations/us-central1/clusters/cluster-0427,cluster-0427,Google Kubernetes Engine,7F3A-2C68-B04D,7F3A-2C68-B04D-price,acme-sandbox,Acme Development Sandbox,,regular,[],1.000000,2026-06-02 04:17:33,"[{""Key"":""team"",""Value"":""security""},{""Key"":""system"",""Value"":""risk-engine""}]",us-central1,"{""Id"":""acme-sandbox"",""Name"":""Acme Development Sandbox"",""Number"":""123456789003""}","[{""Key"":""cost-center"",""Value"":""cc-2087""},{""Key"":""environment"",""Value"":""production""}]",CCD8-9BF1-090E,,"[{""Key"":""compute.googleapis.com/machine_spec"",""Value"":""n2-standard-4""}]","[{""Key"":""environment"",""Value"":""sandbox"",""x_Inherited"":false,""x_Namespace"":""123456789012/environment""}]"
us-east4-a,94.55,01ABCD-234567-89EFGH,BillingAccount,USD,2026-06-01 00:00:00,2026-05-01 00:00:00,Usage,,Compute Engine N2 Instance Core running,2026-05-07 00:00:00,2026-05-06 00:00:00,629.470,hour,94.55,0.150206,94.55,125.48,0.199342,Standard,USD,0.150206,94.55,0.199342,629.470,hour,Google Cloud,Google Cloud,us-east4,Northern Virginia,//compute.googleapis.com/projects/acme-payments-prod/zones/us-east4-a/instances/instance-0151,instance-0151,Compute Engine,2E27-4F75-95CD,2E27-4F75-95CD-price,acme-payments-prod,Acme Payments Production,,regular,[],1.000000,2026-06-02 04:17:33,"[{""Key"":""team"",""Value"":""platform""},{""Key"":""system"",""Value"":""ledger""}]",us-east4,"{""Id"":""acme-payments-prod"",""Name"":""Acme Payments Production"",""Number"":""123456789001""}","[{""Key"":""cost-center"",""Value"":""cc-2087""},{""Key"":""environment"",""Value"":""production""}]",6F81-5844-456A,,"[{""Key"":""compute.googleapis.com/machine_spec"",""Value"":""n2-standard-4""}]","[{""Key"":""environment"",""Value"":""production"",""x_Inherited"":false,""x_Namespace"":""123456789012/environment""}]"
us-central1-a,0.00,01ABCD-234567-89EFGH,BillingAccount,USD,2026-06-01 00:00:00,2026-05-01 00:00:00,Usage,,Compute Engine usage covered by Committed use discount: N2 vCPU (3 year),2026-05-07 00:00:00,2026-05-06 00:00:00,22.410,hour,34.47,1.538153,34.47,55.59,2.480589,Committed,USD,1.538153,34.47,2.480589,22.410,hour,Google Cloud,Google Cloud,us-central1,Iowa,//compute.googleapis.com/projects/acme-data-prod/zones/us-central1-a/instances/instance-0907,instance-0907,Compute Engine,2E27-4F75-95CD,2E27-4F75-95CD-price,acme-data-prod,Acme Data Analytics,,regular,"[{""Id"":""cud-compute-n2-3yr-us-central1"",""FullName"":""Committed use discount: N2 vCPU (3 year)"",""Type"":""COMMITTED_USAGE_DISCOUNT"",""Name"":""Committed use discount: N2 vCPU (3 year)"",""Amount"":-21.12}]",1.000000,2026-06-02 04:17:33,"[{""Key"":""team"",""Value"":""data-eng""},{""Key"":""system"",""Value"":""ledger""}]",us-central1,"{""Id"":""acme-data-prod"",""Name"":""Acme Data Analytics"",""Number"":""123456789002""}","[{""Key"":""cost-center"",""Value"":""cc-2087""},{""Key"":""environment"",""Value"":""production""}]",6F81-5844-456A,,"[{""Key"":""compute.googleapis.com/machine_spec"",""Value"":""n2-standard-4""}]","[{""Key"":""environment"",""Value"":""production"",""x_Inherited"":false,""x_Namespace"":""123456789012/environment""}]"
,13.98,01ABCD-234567-89EFGH,BillingAccount,USD,2026-06-01 00:00:00,2026-05-01 00:00:00,Usage,,"Confluent, Inc. — Confluent Cloud eCKU",2026-05-07 00:00:00,2026-05-06 00:00:00,714719.070,hour,13.98,0.000020,13.98,0.00,0.000000,Standard,USD,0.000020,13.98,0.000000,714719.070,hour,Google Cloud,"Confluent, Inc.",us-central1,Iowa,//cloudcommerceconsumerprocurement.googleapis.com/projects/acme-sandbox/locations/us-central1/clusters/cluster-0535,cluster-0535,Confluent Cloud,B8D2-1F35-6C07,B8D2-1F35-6C07-price,acme-sandbox,Acme Development Sandbox,,regular,[],1.000000,2026-06-02 04:17:33,"[{""Key"":""team"",""Value"":""data-eng""},{""Key"":""system"",""Value"":""ledger""}]",us-central1,"{""Id"":""acme-sandbox"",""Name"":""Acme Development Sandbox"",""Number"":""123456789003""}","[{""Key"":""cost-center"",""Value"":""cc-2087""},{""Key"":""environment"",""Value"":""production""}]",C0AF-0C4B-3A1D,,"[{""Key"":""compute.googleapis.com/machine_spec"",""Value"":""n2-standard-4""}]","[{""Key"":""environment"",""Value"":""sandbox"",""x_Inherited"":false,""x_Namespace"":""123456789012/environment""}]"
,53.87,01ABCD-234567-89EFGH,BillingAccount,USD,2026-06-01 00:00:00,2026-05-01 00:00:00,Usage,,Cloud SQL Cloud SQL for PostgreSQL: vCPU,2026-05-08 00:00:00,2026-05-07 00:00:00,59.970,hour,53.87,0.898282,53.87,62.27,1.038353,Standard,USD,0.898282,53.87,1.038353,59.970,hour,Google Cloud,Google Cloud,us-central1,Iowa,//cloudsql.googleapis.com/projects/acme-platform-prod/locations/us-central1/instances/instance-0406,instance-0406,Cloud SQL,4B6D-7C15-9E22,4B6D-7C15-9E22-price,acme-platform-prod,Acme Platform Production,,regular,[],1.000000,2026-06-02 04:17:33,"[{""Key"":""team"",""Value"":""platform""},{""Key"":""system"",""Value"":""api-gateway""}]",us-central1,"{""Id"":""acme-platform-prod"",""Name"":""Acme Platform Production"",""Number"":""123456789000""}","[{""Key"":""cost-center"",""Value"":""cc-2087""},{""Key"":""environment"",""Value"":""production""}]",9662-B51E-5089,,"[{""Key"":""compute.googleapis.com/machine_spec"",""Value"":""n2-standard-4""}]","[{""Key"":""environment"",""Value"":""production"",""x_Inherited"":false,""x_Namespace"":""123456789012/environment""}]"
,122.22,01ABCD-234567-89EFGH,BillingAccount,USD,2026-06-01 00:00:00,2026-05-01 00:00:00,Usage,,BigQuery Analysis,2026-05-08 00:00:00,2026-05-07 00:00:00,352.290,tebibyte,122.22,0.346930,122.22,144.10,0.409038,Standard,USD,0.346930,122.22,0.409038,352.290,tebibyte,Google Cloud,Google Cloud,us-central1,Iowa,//bigquery.googleapis.com/projects/acme-payments-prod/locations/us-central1/datasets/dataset-0109,dataset-0109,BigQuery,D5B1-8E44-70A9,D5B1-8E44-70A9-price,acme-payments-prod,Acme Payments Production,,regular,[],1.000000,2026-06-02 04:17:33,"[{""Key"":""team"",""Value"":""platform""},{""Key"":""system"",""Value"":""event-bus""}]",us-central1,"{""Id"":""acme-payments-prod"",""Name"":""Acme Payments Production"",""Number"":""123456789001""}","[{""Key"":""cost-center"",""Value"":""cc-2087""},{""Key"":""environment"",""Value"":""production""}]",24E6-581D-38E5,,"[{""Key"":""compute.googleapis.com/machine_spec"",""Value"":""n2-standard-4""}]","[{""Key"":""environment"",""Value"":""production"",""x_Inherited"":false,""x_Namespace"":""123456789012/environment""}]"
,98.60,01ABCD-234567-89EFGH,BillingAccount,USD,2026-06-01 00:00:00,2026-05-01 00:00:00,Usage,,Cloud Run Cloud Run CPU Allocation Time,2026-05-08 00:00:00,2026-05-07 00:00:00,695.580,second,98.60,0.141752,98.60,124.62,0.179160,Standard,USD,0.141752,98.60,0.179160,695.580,second,Google Cloud,Google Cloud,europe-west1,Belgium,//run.googleapis.com/projects/acme-payments-prod/locations/europe-west1/services/service-0452,service-0452,Cloud Run,A1C3-9B27-4D65,A1C3-9B27-4D65-price,acme-payments-prod,Acme Payments Production,,regular,[],1.000000,2026-06-02 04:17:33,"[{""Key"":""team"",""Value"":""platform""},{""Key"":""system"",""Value"":""event-bus""}]",europe-west1,"{""Id"":""acme-payments-prod"",""Name"":""Acme Payments Production"",""Number"":""123456789001""}","[{""Key"":""cost-center"",""Value"":""cc-2087""},{""Key"":""environment"",""Value"":""production""}]",152E-C115-5142,,"[{""Key"":""compute.googleapis.com/machine_spec"",""Value"":""n2-standard-4""}]","[{""Key"":""environment"",""Value"":""production"",""x_Inherited"":false,""x_Namespace"":""123456789012/environment""}]"
,8.63,01ABCD-234567-89EFGH,BillingAccount,USD,2026-06-01 00:00:00,2026-05-01 00:00:00,Usage,,Cloud Storage Standard Storage EU,2026-05-08 00:00:00,2026-05-07 00:00:00,206.850,gibibyte month,8.63,0.041721,8.63,10.95,0.052937,Standard,USD,0.041721,8.63,0.052937,206.850,gibibyte month,Google Cloud,Google Cloud,us-central1,Iowa,//storage.googleapis.com/projects/acme-data-prod/locations/us-central1/buckets/bucket-0467,bucket-0467,Cloud Storage,E5F0-6A48-F9C1,E5F0-6A48-F9C1-price,acme-data-prod,Acme Data Analytics,,regular,[],1.000000,2026-06-02 04:17:33,"[{""Key"":""team"",""Value"":""data-eng""},{""Key"":""system"",""Value"":""api-gateway""}]",us-central1,"{""Id"":""acme-data-prod"",""Name"":""Acme Data Analytics"",""Number"":""123456789002""}","[{""Key"":""cost-center"",""Value"":""cc-2087""},{""Key"":""environment"",""Value"":""production""}]",95FF-2EF5-5EA1,,"[{""Key"":""compute.googleapis.com/machine_spec"",""Value"":""n2-standard-4""}]","[{""Key"":""environment"",""Value"":""production"",""x_Inherited"":false,""x_Namespace"":""123456789012/environment""}]"
,27.44,01ABCD-234567-89EFGH,BillingAccount,USD,2026-06-01 00:00:00,2026-05-01 00:00:00,Usage,,Cloud SQL Cloud SQL for PostgreSQL: vCPU,2026-05-08 00:00:00,2026-05-07 00:00:00,342.520,hour,27.44,0.080112,27.44,30.05,0.087732,Standard,USD,0.080112,27.44,0.087732,342.520,hour,Google Cloud,Google Cloud,europe-west1,Belgium,//cloudsql.googleapis.com/projects/acme-payments-prod/locations/europe-west1/instances/instance-0320,instance-0320,Cloud SQL,4B6D-7C15-9E22,4B6D-7C15-9E22-price,acme-payments-prod,Acme Payments Production,,regular,[],1.000000,2026-06-02 04:17:33,"[{""Key"":""team"",""Value"":""data-eng""},{""Key"":""system"",""Value"":""risk-engine""}]",europe-west1,"{""Id"":""acme-payments-prod"",""Name"":""Acme Payments Production"",""Number"":""123456789001""}","[{""Key"":""cost-center"",""Value"":""cc-2087""},{""Key"":""environment"",""Value"":""production""}]",9662-B51E-5089,,"[{""Key"":""compute.googleapis.com/machine_spec"",""Value"":""n2-standard-4""}]","[{""Key"":""environment"",""Value"":""staging"",""x_Inherited"":false,""x_Namespace"":""123456789012/environment""}]"
,87.20,01ABCD-234567-89EFGH,BillingAccount,USD,2026-06-01 00:00:00,2026-05-01 00:00:00,Usage,,Cloud SQL Cloud SQL for PostgreSQL: vCPU,2026-05-08 00:00:00,2026-05-07 00:00:00,617.880,hour,87.20,0.141128,87.20,95.91,0.155224,Standard,USD,0.141128,87.20,0.155224,617.880,hour,Google Cloud,Google Cloud,europe-west1,Belgium,//cloudsql.googleapis.com/projects/acme-platform-prod/locations/europe-west1/instances/instance-0290,instance-0290,Cloud SQL,4B6D-7C15-9E22,4B6D-7C15-9E22-price,acme-platform-prod,Acme Platform Production,,regular,[],1.000000,2026-06-02 04:17:33,"[{""Key"":""team"",""Value"":""data-eng""},{""Key"":""system"",""Value"":""ledger""}]",europe-west1,"{""Id"":""acme-platform-prod"",""Name"":""Acme Platform Production"",""Number"":""123456789000""}","[{""Key"":""cost-center"",""Value"":""cc-2087""},{""Key"":""environment"",""Value"":""production""}]",9662-B51E-5089,,"[{""Key"":""compute.googleapis.com/machine_spec"",""Value"":""n2-standard-4""}]","[{""Key"":""environment"",""Value"":""production"",""x_Inherited"":false,""x_Namespace"":""123456789012/environment""}]"
us-central1-a,0.00,01ABCD-234567-89EFGH,BillingAccount,USD,2026-06-01 00:00:00,2026-05-01 00:00:00,Usage,,Compute Engine usage covered by Committed use discount: N2 vCPU (3 year),2026-05-08 00:00:00,2026-05-07 00:00:00,23.720,hour,24.49,1.032462,24.49,39.50,1.665261,Committed,USD,1.032462,24.49,1.665261,23.720,hour,Google Cloud,Google Cloud,us-central1,Iowa,//compute.googleapis.com/projects/acme-platform-prod/zones/us-central1-a/instances/instance-0903,instance-0903,Compute Engine,2E27-4F75-95CD,2E27-4F75-95CD-price,acme-platform-prod,Acme Platform Production,,regular,"[{""Id"":""cud-compute-n2-3yr-us-central1"",""FullName"":""Committed use discount: N2 vCPU (3 year)"",""Type"":""COMMITTED_USAGE_DISCOUNT"",""Name"":""Committed use discount: N2 vCPU (3 year)"",""Amount"":-15.01}]",1.000000,2026-06-02 04:17:33,"[{""Key"":""team"",""Value"":""platform""},{""Key"":""system"",""Value"":""event-bus""}]",us-central1,"{""Id"":""acme-platform-prod"",""Name"":""Acme Platform Production"",""Number"":""123456789000""}","[{""Key"":""cost-center"",""Value"":""cc-2087""},{""Key"":""environment"",""Value"":""production""}]",6F81-5844-456A,,"[{""Key"":""compute.googleapis.com/machine_spec"",""Value"":""n2-standard-4""}]","[{""Key"":""environment"",""Value"":""staging"",""x_Inherited"":false,""x_Namespace"":""123456789012/environment""}]"
,24.70,01ABCD-234567-89EFGH,BillingAccount,USD,2026-06-01 00:00:00,2026-05-01 00:00:00,Usage,,"Confluent, Inc. — Confluent Cloud eCKU",2026-05-08 00:00:00,2026-05-07 00:00:00,78791.830,hour,24.70,0.000313,24.70,0.00,0.000000,Standard,USD,0.000313,24.70,0.000000,78791.830,hour,Google Cloud,"Confluent, Inc.",europe-west4,Netherlands,//cloudcommerceconsumerprocurement.googleapis.com/projects/acme-payments-prod/locations/europe-west4/clusters/cluster-0522,cluster-0522,Confluent Cloud,B8D2-1F35-6C07,B8D2-1F35-6C07-price,acme-payments-prod,Acme Payments Production,,regular,[],1.000000,2026-06-02 04:17:33,"[{""Key"":""team"",""Value"":""security""},{""Key"":""system"",""Value"":""api-gateway""}]",europe-west4,"{""Id"":""acme-payments-prod"",""Name"":""Acme Payments Production"",""Number"":""123456789001""}","[{""Key"":""cost-center"",""Value"":""cc-2087""},{""Key"":""environment"",""Value"":""production""}]",C0AF-0C4B-3A1D,,"[{""Key"":""compute.googleapis.com/machine_spec"",""Value"":""n2-standard-4""}]","[{""Key"":""environment"",""Value"":""sandbox"",""x_Inherited"":false,""x_Namespace"":""123456789012/environment""}]"
,25.94,01ABCD-234567-89EFGH,BillingAccount,USD,2026-06-01 00:00:00,2026-05-01 00:00:00,Usage,,BigQuery Analysis,2026-05-09 00:00:00,2026-05-08 00:00:00,706.620,tebibyte,25.94,0.036710,25.94,34.81,0.049263,Standard,USD,0.036710,25.94,0.049263,706.620,tebibyte,Google Cloud,Google Cloud,europe-west4,Netherlands,//bigquery.googleapis.com/projects/acme-sandbox/locations/europe-west4/datasets/dataset-0233,dataset-0233,BigQuery,D5B1-8E44-70A9,D5B1-8E44-70A9-price,acme-sandbox,Acme Development Sandbox,,regular,[],1.000000,2026-06-02 04:17:33,"[{""Key"":""team"",""Value"":""security""},{""Key"":""system"",""Value"":""risk-engine""}]",europe-west4,"{""Id"":""acme-sandbox"",""Name"":""Acme Development Sandbox"",""Number"":""123456789003""}","[{""Key"":""cost-center"",""Value"":""cc-2087""},{""Key"":""environment"",""Value"":""production""}]",24E6-581D-38E5,,"[{""Key"":""compute.googleapis.com/machine_spec"",""Value"":""n2-standard-4""}]","[{""Key"":""environment"",""Value"":""production"",""x_Inherited"":false,""x_Namespace"":""123456789012/environment""}]"
,35.73,01ABCD-234567-89EFGH,BillingAccount,USD,2026-06-01 00:00:00,2026-05-01 00:00:00,Usage,,Cloud SQL Cloud SQL for PostgreSQL: vCPU,2026-05-09 00:00:00,2026-05-08 00:00:00,112.340,hour,35.73,0.318052,35.73,40.92,0.364251,Standard,USD,0.318052,35.73,0.364251,112.340,hour,Google Cloud,Google Cloud,europe-west4,Netherlands,//cloudsql.googleapis.com/projects/acme-platform-prod/locations/europe-west4/instances/instance-0136,instance-0136,Cloud SQL,4B6D-7C15-9E22,4B6D-7C15-9E22-price,acme-platform-prod,Acme Platform Production,,regular,[],1.000000,2026-06-02 04:17:33,"[{""Key"":""team"",""Value"":""data-eng""},{""Key"":""system"",""Value"":""ledger""}]",europe-west4,"{""Id"":""acme-platform-prod"",""Name"":""Acme Platform Production"",""Number"":""123456789000""}","[{""Key"":""cost-center"",""Value"":""cc-2087""},{""Key"":""environment"",""Value"":""production""}]",9662-B51E-5089,,"[{""Key"":""compute.googleapis.com/machine_spec"",""Value"":""n2-standard-4""}]","[{""Key"":""environment"",""Value"":""sandbox"",""x_Inherited"":false,""x_Namespace"":""123456789012/environment""}]"
europe-west4-a,101.10,01ABCD-234567-89EFGH,BillingAccount,USD,2026-06-01 00:00:00,2026-05-01 00:00:00,Usage,,Compute Engine N2 Instance Core running,2026-05-09 00:00:00,2026-05-08 00:00:00,666.950,hour,101.10,0.151586,101.10,118.21,0.177240,Standard,USD,0.151586,101.10,0.177240,666.950,hour,Google Cloud,Google Cloud,europe-west4,Netherlands,//compute.googleapis.com/projects/acme-data-prod/zones/europe-west4-a/instances/instance-0249,instance-0249,Compute Engine,2E27-4F75-95CD,2E27-4F75-95CD-price,acme-data-prod,Acme Data Analytics,,regular,[],1.000000,2026-06-02 04:17:33,"[{""Key"":""team"",""Value"":""payments""},{""Key"":""system"",""Value"":""api-gateway""}]",europe-west4,"{""Id"":""acme-data-prod"",""Name"":""Acme Data Analytics"",""Number"":""123456789002""}","[{""Key"":""cost-center"",""Value"":""cc-2087""},{""Key"":""environment"",""Value"":""production""}]",6F81-5844-456A,,"[{""Key"":""compute.googleapis.com/machine_spec"",""Value"":""n2-standard-4""}]","[{""Key"":""environment"",""Value"":""production"",""x_Inherited"":false,""x_Namespace"":""123456789012/environment""}]"
,137.17,01ABCD-234567-89EFGH,BillingAccount,USD,2026-06-01 00:00:00,2026-05-01 00:00:00,Usage,,Cloud Run Cloud Run CPU Allocation Time,2026-05-09 00:00:00,2026-05-08 00:00:00,220.530,second,137.17,0.622002,137.17,155.38,0.704575,Standard,USD,0.622002,137.17,0.704575,220.530,second,Google Cloud,Google Cloud,europe-west4,Netherlands,//run.googleapis.com/projects/acme-data-prod/locations/europe-west4/services/service-0168,service-0168,Cloud Run,A1C3-9B27-4D65,A1C3-9B27-4D65-price,acme-data-prod,Acme Data Analytics,,regular,[],1.000000,2026-06-02 04:17:33,"[{""Key"":""team"",""Value"":""data-eng""},{""Key"":""system"",""Value"":""ledger""}]",europe-west4,"{""Id"":""acme-data-prod"",""Name"":""Acme Data Analytics"",""Number"":""123456789002""}","[{""Key"":""cost-center"",""Value"":""cc-2087""},{""Key"":""environment"",""Value"":""production""}]",152E-C115-5142,,"[{""Key"":""compute.googleapis.com/machine_spec"",""Value"":""n2-standard-4""}]","[{""Key"":""environment"",""Value"":""production"",""x_Inherited"":false,""x_Namespace"":""123456789012/environment""}]"
,63.53,01ABCD-234567-89EFGH,BillingAccount,USD,2026-06-01 00:00:00,2026-05-01 00:00:00,Usage,,Cloud Run Cloud Run CPU Allocation Time,2026-05-09 00:00:00,2026-05-08 00:00:00,273.370,second,63.53,0.232396,63.53,72.16,0.263965,Standard,USD,0.232396,63.53,0.263965,273.370,second,Google Cloud,Google Cloud,asia-southeast1,Singapore,//run.googleapis.com/projects/acme-data-prod/locations/asia-southeast1/services/service-0184,service-0184,Cloud Run,A1C3-9B27-4D65,A1C3-9B27-4D65-price,acme-data-prod,Acme Data Analytics,,regular,[],1.000000,2026-06-02 04:17:33,"[{""Key"":""team"",""Value"":""platform""},{""Key"":""system"",""Value"":""event-bus""}]",asia-southeast1,"{""Id"":""acme-data-prod"",""Name"":""Acme Data Analytics"",""Number"":""123456789002""}","[{""Key"":""cost-center"",""Value"":""cc-2087""},{""Key"":""environment"",""Value"":""production""}]",152E-C115-5142,,"[{""Key"":""compute.googleapis.com/machine_spec"",""Value"":""n2-standard-4""}]","[{""Key"":""environment"",""Value"":""sandbox"",""x_Inherited"":false,""x_Namespace"":""123456789012/environment""}]"
,5.12,01ABCD-234567-89EFGH,BillingAccount,USD,2026-06-01 00:00:00,2026-05-01 00:00:00,Usage,,Google Kubernetes Engine Autopilot Pod vCPU,2026-05-09 00:00:00,2026-05-08 00:00:00,227.210,hour,5.12,0.022534,5.12,6.19,0.027244,Standard,USD,0.022534,5.12,0.027244,227.210,hour,Google Cloud,Google Cloud,europe-west1,Belgium,//container.googleapis.com/projects/acme-payments-prod/locations/europe-west1/clusters/cluster-0147,cluster-0147,Google Kubernetes Engine,7F3A-2C68-B04D,7F3A-2C68-B04D-price,acme-payments-prod,Acme Payments Production,,regular,[],1.000000,2026-06-02 04:17:33,"[{""Key"":""team"",""Value"":""data-eng""},{""Key"":""system"",""Value"":""ledger""}]",europe-west1,"{""Id"":""acme-payments-prod"",""Name"":""Acme Payments Production"",""Number"":""123456789001""}","[{""Key"":""cost-center"",""Value"":""cc-2087""},{""Key"":""environment"",""Value"":""production""}]",CCD8-9BF1-090E,,"[{""Key"":""compute.googleapis.com/machine_spec"",""Value"":""n2-standard-4""}]","[{""Key"":""environment"",""Value"":""staging"",""x_Inherited"":false,""x_Namespace"":""123456789012/environment""}]"
us-central1-a,0.00,01ABCD-234567-89EFGH,BillingAccount,USD,2026-06-01 00:00:00,2026-05-01 00:00:00,Usage,,Compute Engine usage covered by Committed use discount: N2 vCPU (3 year),2026-05-09 00:00:00,2026-05-08 00:00:00,12.490,hour,19.73,1.579664,19.73,31.83,2.548439,Committed,USD,1.579664,19.73,2.548439,12.490,hour,Google Cloud,Google Cloud,us-central1,Iowa,//compute.googleapis.com/projects/acme-platform-prod/zones/us-central1-a/instances/instance-0909,instance-0909,Compute Engine,2E27-4F75-95CD,2E27-4F75-95CD-price,acme-platform-prod,Acme Platform Production,,regular,"[{""Id"":""cud-compute-n2-3yr-us-central1"",""FullName"":""Committed use discount: N2 vCPU (3 year)"",""Type"":""COMMITTED_USAGE_DISCOUNT"",""Name"":""Committed use discount: N2 vCPU (3 year)"",""Amount"":-12.1}]",1.000000,2026-06-02 04:17:33,"[{""Key"":""team"",""Value"":""security""},{""Key"":""system"",""Value"":""ledger""}]",us-central1,"{""Id"":""acme-platform-prod"",""Name"":""Acme Platform Production"",""Number"":""123456789000""}","[{""Key"":""cost-center"",""Value"":""cc-2087""},{""Key"":""environment"",""Value"":""production""}]",6F81-5844-456A,,"[{""Key"":""compute.googleapis.com/machine_spec"",""Value"":""n2-standard-4""}]","[{""Key"":""environment"",""Value"":""sandbox"",""x_Inherited"":false,""x_Namespace"":""123456789012/environment""}]"
,17.48,01ABCD-234567-89EFGH,BillingAccount,USD,2026-06-01 00:00:00,2026-05-01 00:00:00,Usage,,"Confluent, Inc. — Confluent Cloud eCKU",2026-05-09 00:00:00,2026-05-08 00:00:00,798005.790,hour,17.48,0.000022,17.48,0.00,0.000000,Standard,USD,0.000022,17.48,0.000000,798005.790,hour,Google Cloud,"Confluent, Inc.",us-central1,Iowa,//cloudcommerceconsumerprocurement.googleapis.com/projects/acme-platform-prod/locations/us-central1/clusters/cluster-0529,cluster-0529,Confluent Cloud,B8D2-1F35-6C07,B8D2-1F35-6C07-price,acme-platform-prod,Acme Platform Production,,regular,[],1.000000,2026-06-02 04:17:33,[],us-central1,"{""Id"":""acme-platform-prod"",""Name"":""Acme Platform Production"",""Number"":""123456789000""}","[{""Key"":""cost-center"",""Value"":""cc-2087""},{""Key"":""environment"",""Value"":""production""}]",C0AF-0C4B-3A1D,,"[{""Key"":""compute.googleapis.com/machine_spec"",""Value"":""n2-standard-4""}]",[]
,109.35,01ABCD-234567-89EFGH,BillingAccount,USD,2026-06-01 00:00:00,2026-05-01 00:00:00,Usage,,Cloud Run Cloud Run CPU Allocation Time,2026-05-10 00:00:00,2026-05-09 00:00:00,551.490,second,109.35,0.198281,109.35,141.26,0.256142,Standard,USD,0.198281,109.35,0.256142,551.490,second,Google Cloud,Google Cloud,europe-west4,Netherlands,//run.googleapis.com/projects/acme-sandbox/locations/europe-west4/services/service-0136,service-0136,Cloud Run,A1C3-9B27-4D65,A1C3-9B27-4D65-price,acme-sandbox,Acme Development Sandbox,,regular,[],1.000000,2026-06-02 04:17:33,"[{""Key"":""team"",""Value"":""platform""},{""Key"":""system"",""Value"":""risk-engine""}]",europe-west4,"{""Id"":""acme-sandbox"",""Name"":""Acme Development Sandbox"",""Number"":""123456789003""}","[{""Key"":""cost-center"",""Value"":""cc-2087""},{""Key"":""environment"",""Value"":""production""}]",152E-C115-5142,,"[{""Key"":""compute.googleapis.com/machine_spec"",""Value"":""n2-standard-4""}]","[{""Key"":""environment"",""Value"":""staging"",""x_Inherited"":false,""x_Namespace"":""123456789012/environment""}]"
europe-west4-a,73.70,01ABCD-234567-89EFGH,BillingAccount,USD,2026-06-01 00:00:00,2026-05-01 00:00:00,Usage,,Compute Engine N2 Instance Core running,2026-05-10 00:00:00,2026-05-09 00:00:00,27.500,hour,73.70,2.680000,73.70,89.89,3.268727,Standard,USD,2.680000,73.70,3.268727,27.500,hour,Google Cloud,Google Cloud,europe-west4,Netherlands,//compute.googleapis.com/projects/acme-data-prod/zones/europe-west4-a/instances/instance-0437,instance-0437,Compute Engine,2E27-4F75-95CD,2E27-4F75-95CD-price,acme-data-prod,Acme Data Analytics,,regular,[],1.000000,2026-06-02 04:17:33,"[{""Key"":""team"",""Value"":""platform""},{""Key"":""system"",""Value"":""risk-engine""}]",europe-west4,"{""Id"":""acme-data-prod"",""Name"":""Acme Data Analytics"",""Number"":""123456789002""}","[{""Key"":""cost-center"",""Value"":""cc-2087""},{""Key"":""environment"",""Value"":""production""}]",6F81-5844-456A,,"[{""Key"":""compute.googleapis.com/machine_spec"",""Value"":""n2-standard-4""}]","[{""Key"":""environment"",""Value"":""sandbox"",""x_Inherited"":false,""x_Namespace"":""123456789012/environment""}]"
,26.22,01ABCD-234567-89EFGH,BillingAccount,USD,2026-06-01 00:00:00,2026-05-01 00:00:00,Usage,,Cloud Storage Standard Storage EU,2026-05-10 00:00:00,2026-05-09 00:00:00,405.430,gibibyte month,26.22,0.064672,26.22,31.69,0.078164,Standard,USD,0.064672,26.22,0.078164,405.430,gibibyte month,Google Cloud,Google Cloud,europe-west1,Belgium,//storage.googleapis.com/projects/acme-sandbox/locations/europe-west1/buckets/bucket-0449,bucket-0449,Cloud Storage,E5F0-6A48-F9C1,E5F0-6A48-F9C1-price,acme-sandbox,Acme Development Sandbox,,regular,[],1.000000,2026-06-02 04:17:33,[],europe-west1,"{""Id"":""acme-sandbox"",""Name"":""Acme Development Sandbox"",""Number"":""123456789003""}","[{""Key"":""cost-center"",""Value"":""cc-2087""},{""Key"":""environment"",""Value"":""production""}]",95FF-2EF5-5EA1,,"[{""Key"":""compute.googleapis.com/machine_spec"",""Value"":""n2-standard-4""}]",[]
,138.78,01ABCD-234567-89EFGH,BillingAccount,USD,2026-06-01 00:00:00,2026-05-01 00:00:00,Usage,,Cloud SQL Cloud SQL for PostgreSQL: vCPU,2026-05-10 00:00:00,2026-05-09 00:00:00,563.770,hour,138.78,0.246164,138.78,180.25,0.319723,Standard,USD,0.246164,138.78,0.319723,563.770,hour,Google Cloud,Google Cloud,asia-southeast1,Singapore,//cloudsql.googleapis.com/projects/acme-payments-prod/locations/asia-southeast1/instances/instance-0218,instance-0218,Cloud SQL,4B6D-7C15-9E22,4B6D-7C15-9E22-price,acme-payments-prod,Acme Payments Production,,regular,[],1.000000,2026-06-02 04:17:33,"[{""Key"":""team"",""Value"":""data-eng""},{""Key"":""system"",""Value"":""risk-engine""}]",asia-southeast1,"{""Id"":""acme-payments-prod"",""Name"":""Acme Payments Production"",""Number"":""123456789001""}","[{""Key"":""cost-center"",""Value"":""cc-2087""},{""Key"":""environment"",""Value"":""production""}]",9662-B51E-5089,,"[{""Key"":""compute.googleapis.com/machine_spec"",""Value"":""n2-standard-4""}]","[{""Key"":""environment"",""Value"":""sandbox"",""x_Inherited"":false,""x_Namespace"":""123456789012/environment""}]"
,103.91,01ABCD-234567-89EFGH,BillingAccount,USD,2026-06-01 00:00:00,2026-05-01 00:00:00,Usage,,BigQuery Analysis,2026-05-10 00:00:00,2026-05-09 00:00:00,342.570,tebibyte,103.91,0.303325,103.91,129.27,0.377354,Standard,USD,0.303325,103.91,0.377354,342.570,tebibyte,Google Cloud,Google Cloud,us-central1,Iowa,//bigquery.googleapis.com/projects/acme-data-prod/locations/us-central1/datasets/dataset-0295,dataset-0295,BigQuery,D5B1-8E44-70A9,D5B1-8E44-70A9-price,acme-data-prod,Acme Data Analytics,,regular,[],1.000000,2026-06-02 04:17:33,"[{""Key"":""team"",""Value"":""data-eng""},{""Key"":""system"",""Value"":""event-bus""}]",us-central1,"{""Id"":""acme-data-prod"",""Name"":""Acme Data Analytics"",""Number"":""123456789002""}","[{""Key"":""cost-center"",""Value"":""cc-2087""},{""Key"":""environment"",""Value"":""production""}]",24E6-581D-38E5,,"[{""Key"":""compute.googleapis.com/machine_spec"",""Value"":""n2-standard-4""}]","[{""Key"":""environment"",""Value"":""staging"",""x_Inherited"":false,""x_Namespace"":""123456789012/environment""}]"
,72.56,01ABCD-234567-89EFGH,BillingAccount,USD,2026-06-01 00:00:00,2026-05-01 00:00:00,Usage,,BigQuery Analysis,2026-05-10 00:00:00,2026-05-09 00:00:00,627.740,tebibyte,72.56,0.115589,72.56,83.82,0.133527,Standard,USD,0.115589,72.56,0.133527,627.740,tebibyte,Google Cloud,Google Cloud,europe-west4,Netherlands,//bigquery.googleapis.com/projects/acme-sandbox/locations/europe-west4/datasets/dataset-0257,dataset-0257,BigQuery,D5B1-8E44-70A9,D5B1-8E44-70A9-price,acme-sandbox,Acme Development Sandbox,,regular,[],1.000000,2026-06-02 04:17:33,"[{""Key"":""team"",""Value"":""platform""},{""Key"":""system"",""Value"":""risk-engine""}]",europe-west4,"{""Id"":""acme-sandbox"",""Name"":""Acme Development Sandbox"",""Number"":""123456789003""}","[{""Key"":""cost-center"",""Value"":""cc-2087""},{""Key"":""environment"",""Value"":""production""}]",24E6-581D-38E5,,"[{""Key"":""compute.googleapis.com/machine_spec"",""Value"":""n2-standard-4""}]","[{""Key"":""environment"",""Value"":""staging"",""x_Inherited"":false,""x_Namespace"":""123456789012/environment""}]"
us-central1-a,0.00,01ABCD-234567-89EFGH,BillingAccount,USD,2026-06-01 00:00:00,2026-05-01 00:00:00,Usage,,Compute Engine usage covered by Committed use discount: N2 vCPU (3 year),2026-05-10 00:00:00,2026-05-09 00:00:00,22.920,hour,27.04,1.179756,27.04,43.61,1.902705,Committed,USD,1.179756,27.04,1.902705,22.920,hour,Google Cloud,Google Cloud,us-central1,Iowa,//compute.googleapis.com/projects/acme-platform-prod/zones/us-central1-a/instances/instance-0906,instance-0906,Compute Engine,2E27-4F75-95CD,2E27-4F75-95CD-price,acme-platform-prod,Acme Platform Production,,regular,"[{""Id"":""cud-compute-n2-3yr-us-central1"",""FullName"":""Committed use discount: N2 vCPU (3 year)"",""Type"":""COMMITTED_USAGE_DISCOUNT"",""Name"":""Committed use discount: N2 vCPU (3 year)"",""Amount"":-16.57}]",1.000000,2026-06-02 04:17:33,"[{""Key"":""team"",""Value"":""data-eng""},{""Key"":""system"",""Value"":""ledger""}]",us-central1,"{""Id"":""acme-platform-prod"",""Name"":""Acme Platform Production"",""Number"":""123456789000""}","[{""Key"":""cost-center"",""Value"":""cc-2087""},{""Key"":""environment"",""Value"":""production""}]",6F81-5844-456A,,"[{""Key"":""compute.googleapis.com/machine_spec"",""Value"":""n2-standard-4""}]","[{""Key"":""environment"",""Value"":""staging"",""x_Inherited"":false,""x_Namespace"":""123456789012/environment""}]"
,26.29,01ABCD-234567-89EFGH,BillingAccount,USD,2026-06-01 00:00:00,2026-05-01 00:00:00,Usage,,"Confluent, Inc. — Confluent Cloud eCKU",2026-05-10 00:00:00,2026-05-09 00:00:00,827622.540,hour,26.29,0.000032,26.29,0.00,0.000000,Standard,USD,0.000032,26.29,0.000000,827622.540,hour,Google Cloud,"Confluent, Inc.",europe-west1,Belgium,//cloudcommerceconsumerprocurement.googleapis.com/projects/acme-platform-prod/locations/europe-west1/clusters/cluster-0507,cluster-0507,Confluent Cloud,B8D2-1F35-6C07,B8D2-1F35-6C07-price,acme-platform-prod,Acme Platform Production,,regular,[],1.000000,2026-06-02 04:17:33,"[{""Key"":""team"",""Value"":""security""},{""Key"":""system"",""Value"":""ledger""}]",europe-west1,"{""Id"":""acme-platform-prod"",""Name"":""Acme Platform Production"",""Number"":""123456789000""}","[{""Key"":""cost-center"",""Value"":""cc-2087""},{""Key"":""environment"",""Value"":""production""}]",C0AF-0C4B-3A1D,,"[{""Key"":""compute.googleapis.com/machine_spec"",""Value"":""n2-standard-4""}]","[{""Key"":""environment"",""Value"":""sandbox"",""x_Inherited"":false,""x_Namespace"":""123456789012/environment""}]"
,120.29,01ABCD-234567-89EFGH,BillingAccount,USD,2026-06-01 00:00:00,2026-05-01 00:00:00,Usage,,Cloud SQL Cloud SQL for PostgreSQL: vCPU,2026-05-11 00:00:00,2026-05-10 00:00:00,358.760,hour,120.29,0.335294,120.29,137.44,0.383097,Standard,USD,0.335294,120.29,0.383097,358.760,hour,Google Cloud,Google Cloud,europe-west1,Belgium,//cloudsql.googleapis.com/projects/acme-platform-prod/locations/europe-west1/instances/instance-0169,instance-0169,Cloud SQL,4B6D-7C15-9E22,4B6D-7C15-9E22-price,acme-platform-prod,Acme Platform Production,,regular,[],1.000000,2026-06-02 04:17:33,"[{""Key"":""team"",""Value"":""data-eng""},{""Key"":""system"",""Value"":""ledger""}]",europe-west1,"{""Id"":""acme-platform-prod"",""Name"":""Acme Platform Production"",""Number"":""123456789000""}","[{""Key"":""cost-center"",""Value"":""cc-2087""},{""Key"":""environment"",""Value"":""production""}]",9662-B51E-5089,,"[{""Key"":""compute.googleapis.com/machine_spec"",""Value"":""n2-standard-4""}]","[{""Key"":""environment"",""Value"":""sandbox"",""x_Inherited"":false,""x_Namespace"":""123456789012/environment""}]"
,78.14,01ABCD-234567-89EFGH,BillingAccount,USD,2026-06-01 00:00:00,2026-05-01 00:00:00,Usage,,BigQuery Analysis,2026-05-11 00:00:00,2026-05-10 00:00:00,283.390,tebibyte,78.14,0.275733,78.14,93.17,0.328770,Standard,USD,0.275733,78.14,0.328770,283.390,tebibyte,Google Cloud,Google Cloud,asia-southeast1,Singapore,//bigquery.googleapis.com/projects/acme-sandbox/locations/asia-southeast1/datasets/dataset-0110,dataset-0110,BigQuery,D5B1-8E44-70A9,D5B1-8E44-70A9-price,acme-sandbox,Acme Development Sandbox,,regular,[],1.000000,2026-06-02 04:17:33,"[{""Key"":""team"",""Value"":""platform""},{""Key"":""system"",""Value"":""risk-engine""}]",asia-southeast1,"{""Id"":""acme-sandbox"",""Name"":""Acme Development Sandbox"",""Number"":""123456789003""}","[{""Key"":""cost-center"",""Value"":""cc-2087""},{""Key"":""environment"",""Value"":""production""}]",24E6-581D-38E5,,"[{""Key"":""compute.googleapis.com/machine_spec"",""Value"":""n2-standard-4""}]","[{""Key"":""environment"",""Value"":""staging"",""x_Inherited"":false,""x_Namespace"":""123456789012/environment""}]"
,119.01,01ABCD-234567-89EFGH,BillingAccount,USD,2026-06-01 00:00:00,2026-05-01 00:00:00,Usage,,Cloud Run Cloud Run CPU Allocation Time,2026-05-11 00:00:00,2026-05-10 00:00:00,55.970,second,119.01,2.126318,119.01,160.46,2.866893,Standard,USD,2.126318,119.01,2.866893,55.970,second,Google Cloud,Google Cloud,europe-west1,Belgium,//run.googleapis.com/projects/acme-data-prod/locations/europe-west1/services/service-0410,service-0410,Cloud Run,A1C3-9B27-4D65,A1C3-9B27-4D65-price,acme-data-prod,Acme Data Analytics,,regular,[],1.000000,2026-06-02 04:17:33,"[{""Key"":""team"",""Value"":""platform""},{""Key"":""system"",""Value"":""api-gateway""}]",europe-west1,"{""Id"":""acme-data-prod"",""Name"":""Acme Data Analytics"",""Number"":""123456789002""}","[{""Key"":""cost-center"",""Value"":""cc-2087""},{""Key"":""environment"",""Value"":""production""}]",152E-C115-5142,,"[{""Key"":""compute.googleapis.com/machine_spec"",""Value"":""n2-standard-4""}]","[{""Key"":""environment"",""Value"":""staging"",""x_Inherited"":false,""x_Namespace"":""123456789012/environment""}]"
asia-southeast1-a,106.86,01ABCD-234567-89EFGH,BillingAccount,USD,2026-06-01 00:00:00,2026-05-01 00:00:00,Usage,,Compute Engine N2 Instance Core running,2026-05-11 00:00:00,2026-05-10 00:00:00,585.400,hour,106.86,0.182542,106.86,117.07,0.199983,Standard,USD,0.182542,106.86,0.199983,585.400,hour,Google Cloud,Google Cloud,asia-southeast1,Singapore,//compute.googleapis.com/projects/acme-payments-prod/zones/asia-southeast1-a/instances/instance-0403,instance-0403,Compute Engine,2E27-4F75-95CD,2E27-4F75-95CD-price,acme-payments-prod,Acme Payments Production,,regular,[],1.000000,2026-06-02 04:17:33,"[{""Key"":""team"",""Value"":""data-eng""},{""Key"":""system"",""Value"":""event-bus""}]",asia-southeast1,"{""Id"":""acme-payments-prod"",""Name"":""Acme Payments Production"",""Number"":""123456789001""}","[{""Key"":""cost-center"",""Value"":""cc-2087""},{""Key"":""environment"",""Value"":""production""}]",6F81-5844-456A,,"[{""Key"":""compute.googleapis.com/machine_spec"",""Value"":""n2-standard-4""}]","[{""Key"":""environment"",""Value"":""production"",""x_Inherited"":false,""x_Namespace"":""123456789012/environment""}]"
,34.49,01ABCD-234567-89EFGH,BillingAccount,USD,2026-06-01 00:00:00,2026-05-01 00:00:00,Usage,,BigQuery Analysis,2026-05-11 00:00:00,2026-05-10 00:00:00,84.950,tebibyte,34.49,0.406004,34.49,38.74,0.456033,Standard,USD,0.406004,34.49,0.456033,84.950,tebibyte,Google Cloud,Google Cloud,asia-southeast1,Singapore,//bigquery.googleapis.com/projects/acme-sandbox/locations/asia-southeast1/datasets/dataset-0368,dataset-0368,BigQuery,D5B1-8E44-70A9,D5B1-8E44-70A9-price,acme-sandbox,Acme Development Sandbox,,regular,[],1.000000,2026-06-02 04:17:33,"[{""Key"":""team"",""Value"":""data-eng""},{""Key"":""system"",""Value"":""risk-engine""}]",asia-southeast1,"{""Id"":""acme-sandbox"",""Name"":""Acme Development Sandbox"",""Number"":""123456789003""}","[{""Key"":""cost-center"",""Value"":""cc-2087""},{""Key"":""environment"",""Value"":""production""}]",24E6-581D-38E5,,"[{""Key"":""compute.googleapis.com/machine_spec"",""Value"":""n2-standard-4""}]","[{""Key"":""environment"",""Value"":""production"",""x_Inherited"":false,""x_Namespace"":""123456789012/environment""}]"
,142.86,01ABCD-234567-89EFGH,BillingAccount,USD,2026-06-01 00:00:00,2026-05-01 00:00:00,Usage,,Cloud Run Cloud Run CPU Allocation Time,2026-05-11 00:00:00,2026-05-10 00:00:00,440.400,second,142.86,0.324387,142.86,172.21,0.391031,Standard,USD,0.324387,142.86,0.391031,440.400,second,Google Cloud,Google Cloud,asia-southeast1,Singapore,//run.googleapis.com/projects/acme-data-prod/locations/asia-southeast1/services/service-0269,service-0269,Cloud Run,A1C3-9B27-4D65,A1C3-9B27-4D65-price,acme-data-prod,Acme Data Analytics,,regular,[],1.000000,2026-06-02 04:17:33,"[{""Key"":""team"",""Value"":""security""},{""Key"":""system"",""Value"":""event-bus""}]",asia-southeast1,"{""Id"":""acme-data-prod"",""Name"":""Acme Data Analytics"",""Number"":""123456789002""}","[{""Key"":""cost-center"",""Value"":""cc-2087""},{""Key"":""environment"",""Value"":""production""}]",152E-C115-5142,,"[{""Key"":""compute.googleapis.com/machine_spec"",""Value"":""n2-standard-4""}]","[{""Key"":""environment"",""Value"":""production"",""x_Inherited"":false,""x_Namespace"":""123456789012/environment""}]"
us-central1-a,0.00,01ABCD-234567-89EFGH,BillingAccount,USD,2026-06-01 00:00:00,2026-05-01 00:00:00,Usage,,Compute Engine usage covered by Committed use discount: N2 vCPU (3 year),2026-05-11 00:00:00,2026-05-10 00:00:00,16.320,hour,23.32,1.428922,23.32,37.62,2.305147,Committed,USD,1.428922,23.32,2.305147,16.320,hour,Google Cloud,Google Cloud,us-central1,Iowa,//compute.googleapis.com/projects/acme-sandbox/zones/us-central1-a/instances/instance-0908,instance-0908,Compute Engine,2E27-4F75-95CD,2E27-4F75-95CD-price,acme-sandbox,Acme Development Sandbox,,regular,"[{""Id"":""cud-compute-n2-3yr-us-central1"",""FullName"":""Committed use discount: N2 vCPU (3 year)"",""Type"":""COMMITTED_USAGE_DISCOUNT"",""Name"":""Committed use discount: N2 vCPU (3 year)"",""Amount"":-14.3}]",1.000000,2026-06-02 04:17:33,"[{""Key"":""team"",""Value"":""payments""},{""Key"":""system"",""Value"":""ledger""}]",us-central1,"{""Id"":""acme-sandbox"",""Name"":""Acme Development Sandbox"",""Number"":""123456789003""}","[{""Key"":""cost-center"",""Value"":""cc-2087""},{""Key"":""environment"",""Value"":""production""}]",6F81-5844-456A,,"[{""Key"":""compute.googleapis.com/machine_spec"",""Value"":""n2-standard-4""}]","[{""Key"":""environment"",""Value"":""sandbox"",""x_Inherited"":false,""x_Namespace"":""123456789012/environment""}]"
,22.87,01ABCD-234567-89EFGH,BillingAccount,USD,2026-06-01 00:00:00,2026-05-01 00:00:00,Usage,,"Confluent, Inc. — Confluent Cloud eCKU",2026-05-11 00:00:00,2026-05-10 00:00:00,94580.660,hour,22.87,0.000242,22.87,0.00,0.000000,Standard,USD,0.000242,22.87,0.000000,94580.660,hour,Google Cloud,"Confluent, Inc.",europe-west4,Netherlands,//cloudcommerceconsumerprocurement.googleapis.com/projects/acme-data-prod/locations/europe-west4/clusters/cluster-0510,cluster-0510,Confluent Cloud,B8D2-1F35-6C07,B8D2-1F35-6C07-price,acme-data-prod,Acme Data Analytics,,regular,[],1.000000,2026-06-02 04:17:33,"[{""Key"":""team"",""Value"":""data-eng""},{""Key"":""system"",""Value"":""ledger""}]",europe-west4,"{""Id"":""acme-data-prod"",""Name"":""Acme Data Analytics"",""Number"":""123456789002""}","[{""Key"":""cost-center"",""Value"":""cc-2087""},{""Key"":""environment"",""Value"":""production""}]",C0AF-0C4B-3A1D,,"[{""Key"":""compute.googleapis.com/machine_spec"",""Value"":""n2-standard-4""}]","[{""Key"":""environment"",""Value"":""sandbox"",""x_Inherited"":false,""x_Namespace"":""123456789012/environment""}]"
europe-west4-a,92.90,01ABCD-234567-89EFGH,BillingAccount,USD,2026-06-01 00:00:00,2026-05-01 00:00:00,Usage,,Compute Engine N2 Instance Core running,2026-05-12 00:00:00,2026-05-11 00:00:00,70.790,hour,92.90,1.312332,92.90,107.54,1.519141,Standard,USD,1.312332,92.90,1.519141,70.790,hour,Google Cloud,Google Cloud,europe-west4,Netherlands,//compute.googleapis.com/projects/acme-sandbox/zones/europe-west4-a/instances/instance-0202,instance-0202,Compute Engine,2E27-4F75-95CD,2E27-4F75-95CD-price,acme-sandbox,Acme Development Sandbox,,regular,[],1.000000,2026-06-02 04:17:33,"[{""Key"":""team"",""Value"":""payments""},{""Key"":""system"",""Value"":""ledger""}]",europe-west4,"{""Id"":""acme-sandbox"",""Name"":""Acme Development Sandbox"",""Number"":""123456789003""}","[{""Key"":""cost-center"",""Value"":""cc-2087""},{""Key"":""environment"",""Value"":""production""}]",6F81-5844-456A,,"[{""Key"":""compute.googleapis.com/machine_spec"",""Value"":""n2-standard-4""}]","[{""Key"":""environment"",""Value"":""staging"",""x_Inherited"":false,""x_Namespace"":""123456789012/environment""}]"
,11.54,01ABCD-234567-89EFGH,BillingAccount,USD,2026-06-01 00:00:00,2026-05-01 00:00:00,Usage,,BigQuery Analysis,2026-05-12 00:00:00,2026-05-11 00:00:00,190.550,tebibyte,11.54,0.060562,11.54,12.72,0.066754,Standard,USD,0.060562,11.54,0.066754,190.550,tebibyte,Google Cloud,Google Cloud,us-east4,Northern Virginia,//bigquery.googleapis.com/projects/acme-platform-prod/locations/us-east4/datasets/dataset-0475,dataset-0475,BigQuery,D5B1-8E44-70A9,D5B1-8E44-70A9-price,acme-platform-prod,Acme Platform Production,,regular,[],1.000000,2026-06-02 04:17:33,"[{""Key"":""team"",""Value"":""platform""},{""Key"":""system"",""Value"":""risk-engine""}]",us-east4,"{""Id"":""acme-platform-prod"",""Name"":""Acme Platform Production"",""Number"":""123456789000""}","[{""Key"":""cost-center"",""Value"":""cc-2087""},{""Key"":""environment"",""Value"":""production""}]",24E6-581D-38E5,,"[{""Key"":""compute.googleapis.com/machine_spec"",""Value"":""n2-standard-4""}]","[{""Key"":""environment"",""Value"":""production"",""x_Inherited"":false,""x_Namespace"":""123456789012/environment""}]"
asia-southeast1-a,27.14,01ABCD-234567-89EFGH,BillingAccount,USD,2026-06-01 00:00:00,2026-05-01 00:00:00,Usage,,Compute Engine N2 Instance Core running,2026-05-12 00:00:00,2026-05-11 00:00:00,71.590,hour,27.14,0.379103,27.14,36.49,0.509708,Standard,USD,0.379103,27.14,0.509708,71.590,hour,Google Cloud,Google Cloud,asia-southeast1,Singapore,//compute.googleapis.com/projects/acme-payments-prod/zones/asia-southeast1-a/instances/instance-0235,instance-0235,Compute Engine,2E27-4F75-95CD,2E27-4F75-95CD-price,acme-payments-prod,Acme Payments Production,,regular,[],1.000000,2026-06-02 04:17:33,[],asia-southeast1,"{""Id"":""acme-payments-prod"",""Name"":""Acme Payments Production"",""Number"":""123456789001""}","[{""Key"":""cost-center"",""Value"":""cc-2087""},{""Key"":""environment"",""Value"":""production""}]",6F81-5844-456A,,"[{""Key"":""compute.googleapis.com/machine_spec"",""Value"":""n2-standard-4""}]",[]
,32.92,01ABCD-234567-89EFGH,BillingAccount,USD,2026-06-01 00:00:00,2026-05-01 00:00:00,Usage,,Cloud SQL Cloud SQL for PostgreSQL: vCPU,2026-05-12 00:00:00,2026-05-11 00:00:00,140.420,hour,32.92,0.234440,32.92,44.62,0.317761,Standard,USD,0.234440,32.92,0.317761,140.420,hour,Google Cloud,Google Cloud,us-east4,Northern Virginia,//cloudsql.googleapis.com/projects/acme-payments-prod/locations/us-east4/instances/instance-0328,instance-0328,Cloud SQL,4B6D-7C15-9E22,4B6D-7C15-9E22-price,acme-payments-prod,Acme Payments Production,,regular,[],1.000000,2026-06-02 04:17:33,"[{""Key"":""team"",""Value"":""security""},{""Key"":""system"",""Value"":""api-gateway""}]",us-east4,"{""Id"":""acme-payments-prod"",""Name"":""Acme Payments Production"",""Number"":""123456789001""}","[{""Key"":""cost-center"",""Value"":""cc-2087""},{""Key"":""environment"",""Value"":""production""}]",9662-B51E-5089,,"[{""Key"":""compute.googleapis.com/machine_spec"",""Value"":""n2-standard-4""}]","[{""Key"":""environment"",""Value"":""sandbox"",""x_Inherited"":false,""x_Namespace"":""123456789012/environment""}]"
us-central1-a,11.82,01ABCD-234567-89EFGH,BillingAccount,USD,2026-06-01 00:00:00,2026-05-01 00:00:00,Usage,,Compute Engine N2 Instance Core running,2026-05-12 00:00:00,2026-05-11 00:00:00,156.380,hour,11.82,0.075585,11.82,14.39,0.092019,Standard,USD,0.075585,11.82,0.092019,156.380,hour,Google Cloud,Google Cloud,us-central1,Iowa,//compute.googleapis.com/projects/acme-data-prod/zones/us-central1-a/instances/instance-0265,instance-0265,Compute Engine,2E27-4F75-95CD,2E27-4F75-95CD-price,acme-data-prod,Acme Data Analytics,,regular,[],1.000000,2026-06-02 04:17:33,"[{""Key"":""team"",""Value"":""platform""},{""Key"":""system"",""Value"":""risk-engine""}]",us-central1,"{""Id"":""acme-data-prod"",""Name"":""Acme Data Analytics"",""Number"":""123456789002""}","[{""Key"":""cost-center"",""Value"":""cc-2087""},{""Key"":""environment"",""Value"":""production""}]",6F81-5844-456A,,"[{""Key"":""compute.googleapis.com/machine_spec"",""Value"":""n2-standard-4""}]","[{""Key"":""environment"",""Value"":""staging"",""x_Inherited"":false,""x_Namespace"":""123456789012/environment""}]"
,23.75,01ABCD-234567-89EFGH,BillingAccount,USD,2026-06-01 00:00:00,2026-05-01 00:00:00,Usage,,Google Kubernetes Engine Autopilot Pod vCPU,2026-05-12 00:00:00,2026-05-11 00:00:00,49.550,hour,23.75,0.479314,23.75,29.19,0.589102,Standard,USD,0.479314,23.75,0.589102,49.550,hour,Google Cloud,Google Cloud,europe-west4,Netherlands,//container.googleapis.com/projects/acme-platform-prod/locations/europe-west4/clusters/cluster-0404,cluster-0404,Google Kubernetes Engine,7F3A-2C68-B04D,7F3A-2C68-B04D-price,acme-platform-prod,Acme Platform Production,,regular,[],1.000000,2026-06-02 04:17:33,"[{""Key"":""team"",""Value"":""data-eng""},{""Key"":""system"",""Value"":""risk-engine""}]",europe-west4,"{""Id"":""acme-platform-prod"",""Name"":""Acme Platform Production"",""Number"":""123456789000""}","[{""Key"":""cost-center"",""Value"":""cc-2087""},{""Key"":""environment"",""Value"":""production""}]",CCD8-9BF1-090E,,"[{""Key"":""compute.googleapis.com/machine_spec"",""Value"":""n2-standard-4""}]","[{""Key"":""environment"",""Value"":""sandbox"",""x_Inherited"":false,""x_Namespace"":""123456789012/environment""}]"
us-central1-a,0.00,01ABCD-234567-89EFGH,BillingAccount,USD,2026-06-01 00:00:00,2026-05-01 00:00:00,Usage,,Compute Engine usage covered by Committed use discount: N2 vCPU (3 year),2026-05-12 00:00:00,2026-05-11 00:00:00,23.450,hour,29.74,1.268230,29.74,47.97,2.045629,Committed,USD,1.268230,29.74,2.045629,23.450,hour,Google Cloud,Google Cloud,us-central1,Iowa,//compute.googleapis.com/projects/acme-data-prod/zones/us-central1-a/instances/instance-0915,instance-0915,Compute Engine,2E27-4F75-95CD,2E27-4F75-95CD-price,acme-data-prod,Acme Data Analytics,,regular,"[{""Id"":""cud-compute-n2-3yr-us-central1"",""FullName"":""Committed use discount: N2 vCPU (3 year)"",""Type"":""COMMITTED_USAGE_DISCOUNT"",""Name"":""Committed use discount: N2 vCPU (3 year)"",""Amount"":-18.23}]",1.000000,2026-06-02 04:17:33,"[{""Key"":""team"",""Value"":""security""},{""Key"":""system"",""Value"":""risk-engine""}]",us-central1,"{""Id"":""acme-data-prod"",""Name"":""Acme Data Analytics"",""Number"":""123456789002""}","[{""Key"":""cost-center"",""Value"":""cc-2087""},{""Key"":""environment"",""Value"":""production""}]",6F81-5844-456A,,"[{""Key"":""compute.googleapis.com/machine_spec"",""Value"":""n2-standard-4""}]","[{""Key"":""environment"",""Value"":""staging"",""x_Inherited"":false,""x_Namespace"":""123456789012/environment""}]"
,21.47,01ABCD-234567-89EFGH,BillingAccount,USD,2026-06-01 00:00:00,2026-05-01 00:00:00,Usage,,"Confluent, Inc. — Confluent Cloud eCKU",2026-05-12 00:00:00,2026-05-11 00:00:00,705465.060,hour,21.47,0.000030,21.47,0.00,0.000000,Standard,USD,0.000030,21.47,0.000000,705465.060,hour,Google Cloud,"Confluent, Inc.",asia-southeast1,Singapore,//cloudcommerceconsumerprocurement.googleapis.com/projects/acme-platform-prod/locations/asia-southeast1/clusters/cluster-0529,cluster-0529,Confluent Cloud,B8D2-1F35-6C07,B8D2-1F35-6C07-price,acme-platform-prod,Acme Platform Production,,regular,[],1.000000,2026-06-02 04:17:33,"[{""Key"":""team"",""Value"":""data-eng""},{""Key"":""system"",""Value"":""ledger""}]",asia-southeast1,"{""Id"":""acme-platform-prod"",""Name"":""Acme Platform Production"",""Number"":""123456789000""}","[{""Key"":""cost-center"",""Value"":""cc-2087""},{""Key"":""environment"",""Value"":""production""}]",C0AF-0C4B-3A1D,,"[{""Key"":""compute.googleapis.com/machine_spec"",""Value"":""n2-standard-4""}]","[{""Key"":""environment"",""Value"":""staging"",""x_Inherited"":false,""x_Namespace"":""123456789012/environment""}]"
europe-west4-a,13.37,01ABCD-234567-89EFGH,BillingAccount,USD,2026-06-01 00:00:00,2026-05-01 00:00:00,Usage,,Compute Engine N2 Instance Core running,2026-05-13 00:00:00,2026-05-12 00:00:00,30.150,hour,13.37,0.443449,13.37,18.47,0.612604,Standard,USD,0.443449,13.37,0.612604,30.150,hour,Google Cloud,Google Cloud,europe-west4,Netherlands,//compute.googleapis.com/projects/acme-sandbox/zones/europe-west4-a/instances/instance-0210,instance-0210,Compute Engine,2E27-4F75-95CD,2E27-4F75-95CD-price,acme-sandbox,Acme Development Sandbox,,regular,[],1.000000,2026-06-02 04:17:33,"[{""Key"":""team"",""Value"":""platform""},{""Key"":""system"",""Value"":""risk-engine""}]",europe-west4,"{""Id"":""acme-sandbox"",""Name"":""Acme Development Sandbox"",""Number"":""123456789003""}","[{""Key"":""cost-center"",""Value"":""cc-2087""},{""Key"":""environment"",""Value"":""production""}]",6F81-5844-456A,,"[{""Key"":""compute.googleapis.com/machine_spec"",""Value"":""n2-standard-4""}]","[{""Key"":""environment"",""Value"":""staging"",""x_Inherited"":false,""x_Namespace"":""123456789012/environment""}]"
,103.59,01ABCD-234567-89EFGH,BillingAccount,USD,2026-06-01 00:00:00,2026-05-01 00:00:00,Usage,,BigQuery Analysis,2026-05-13 00:00:00,2026-05-12 00:00:00,135.090,tebibyte,103.59,0.766822,103.59,121.57,0.899919,Standard,USD,0.766822,103.59,0.899919,135.090,tebibyte,Google Cloud,Google Cloud,europe-west1,Belgium,//bigquery.googleapis.com/projects/acme-sandbox/locations/europe-west1/datasets/dataset-0293,dataset-0293,BigQuery,D5B1-8E44-70A9,D5B1-8E44-70A9-price,acme-sandbox,Acme Development Sandbox,,regular,[],1.000000,2026-06-02 04:17:33,"[{""Key"":""team"",""Value"":""payments""},{""Key"":""system"",""Value"":""event-bus""}]",europe-west1,"{""Id"":""acme-sandbox"",""Name"":""Acme Development Sandbox"",""Number"":""123456789003""}","[{""Key"":""cost-center"",""Value"":""cc-2087""},{""Key"":""environment"",""Value"":""production""}]",24E6-581D-38E5,,"[{""Key"":""compute.googleapis.com/machine_spec"",""Value"":""n2-standard-4""}]","[{""Key"":""environment"",""Value"":""production"",""x_Inherited"":false,""x_Namespace"":""123456789012/environment""}]"
,141.13,01ABCD-234567-89EFGH,BillingAccount,USD,2026-06-01 00:00:00,2026-05-01 00:00:00,Usage,,Cloud SQL Cloud SQL for PostgreSQL: vCPU,2026-05-13 00:00:00,2026-05-12 00:00:00,396.520,hour,141.13,0.355922,141.13,180.76,0.455866,Standard,USD,0.355922,141.13,0.455866,396.520,hour,Google Cloud,Google Cloud,us-central1,Iowa,//cloudsql.googleapis.com/projects/acme-platform-prod/locations/us-central1/instances/instance-0140,instance-0140,Cloud SQL,4B6D-7C15-9E22,4B6D-7C15-9E22-price,acme-platform-prod,Acme Platform Production,,regular,[],1.000000,2026-06-02 04:17:33,"[{""Key"":""team"",""Value"":""security""},{""Key"":""system"",""Value"":""risk-engine""}]",us-central1,"{""Id"":""acme-platform-prod"",""Name"":""Acme Platform Production"",""Number"":""123456789000""}","[{""Key"":""cost-center"",""Value"":""cc-2087""},{""Key"":""environment"",""Value"":""production""}]",9662-B51E-5089,,"[{""Key"":""compute.googleapis.com/machine_spec"",""Value"":""n2-standard-4""}]","[{""Key"":""environment"",""Value"":""sandbox"",""x_Inherited"":false,""x_Namespace"":""123456789012/environment""}]"
europe-west1-a,21.04,01ABCD-234567-89EFGH,BillingAccount,USD,2026-06-01 00:00:00,2026-05-01 00:00:00,Usage,,Compute Engine N2 Instance Core running,2026-05-13 00:00:00,2026-05-12 00:00:00,531.350,hour,21.04,0.039597,21.04,24.80,0.046674,Standard,USD,0.039597,21.04,0.046674,531.350,hour,Google Cloud,Google Cloud,europe-west1,Belgium,//compute.googleapis.com/projects/acme-payments-prod/zones/europe-west1-a/instances/instance-0121,instance-0121,Compute Engine,2E27-4F75-95CD,2E27-4F75-95CD-price,acme-payments-prod,Acme Payments Production,,regular,[],1.000000,2026-06-02 04:17:33,"[{""Key"":""team"",""Value"":""payments""},{""Key"":""system"",""Value"":""event-bus""}]",europe-west1,"{""Id"":""acme-payments-prod"",""Name"":""Acme Payments Production"",""Number"":""123456789001""}","[{""Key"":""cost-center"",""Value"":""cc-2087""},{""Key"":""environment"",""Value"":""production""}]",6F81-5844-456A,,"[{""Key"":""compute.googleapis.com/machine_spec"",""Value"":""n2-standard-4""}]","[{""Key"":""environment"",""Value"":""production"",""x_Inherited"":false,""x_Namespace"":""123456789012/environment""}]"
,139.63,01ABCD-234567-89EFGH,BillingAccount,USD,2026-06-01 00:00:00,2026-05-01 00:00:00,Usage,,Cloud Storage Standard Storage EU,2026-05-13 00:00:00,2026-05-12 00:00:00,335.820,gibibyte month,139.63,0.415788,139.63,160.50,0.477935,Standard,USD,0.415788,139.63,0.477935,335.820,gibibyte month,Google Cloud,Google Cloud,us-east4,Northern Virginia,//storage.googleapis.com/projects/acme-data-prod/locations/us-east4/buckets/bucket-0281,bucket-0281,Cloud Storage,E5F0-6A48-F9C1,E5F0-6A48-F9C1-price,acme-data-prod,Acme Data Analytics,,regular,[],1.000000,2026-06-02 04:17:33,"[{""Key"":""team"",""Value"":""security""},{""Key"":""system"",""Value"":""ledger""}]",us-east4,"{""Id"":""acme-data-prod"",""Name"":""Acme Data Analytics"",""Number"":""123456789002""}","[{""Key"":""cost-center"",""Value"":""cc-2087""},{""Key"":""environment"",""Value"":""production""}]",95FF-2EF5-5EA1,,"[{""Key"":""compute.googleapis.com/machine_spec"",""Value"":""n2-standard-4""}]","[{""Key"":""environment"",""Value"":""staging"",""x_Inherited"":false,""x_Namespace"":""123456789012/environment""}]"
,77.76,01ABCD-234567-89EFGH,BillingAccount,USD,2026-06-01 00:00:00,2026-05-01 00:00:00,Usage,,Cloud Storage Standard Storage EU,2026-05-13 00:00:00,2026-05-12 00:00:00,224.540,gibibyte month,77.76,0.346308,77.76,100.90,0.449363,Standard,USD,0.346308,77.76,0.449363,224.540,gibibyte month,Google Cloud,Google Cloud,europe-west4,Netherlands,//storage.googleapis.com/projects/acme-payments-prod/locations/europe-west4/buckets/bucket-0156,bucket-0156,Cloud Storage,E5F0-6A48-F9C1,E5F0-6A48-F9C1-price,acme-payments-prod,Acme Payments Production,,regular,[],1.000000,2026-06-02 04:17:33,[],europe-west4,"{""Id"":""acme-payments-prod"",""Name"":""Acme Payments Production"",""Number"":""123456789001""}","[{""Key"":""cost-center"",""Value"":""cc-2087""},{""Key"":""environment"",""Value"":""production""}]",95FF-2EF5-5EA1,,"[{""Key"":""compute.googleapis.com/machine_spec"",""Value"":""n2-standard-4""}]",[]
us-central1-a,0.00,01ABCD-234567-89EFGH,BillingAccount,USD,2026-06-01 00:00:00,2026-05-01 00:00:00,Usage,,Compute Engine usage covered by Committed use discount: N2 vCPU (3 year),2026-05-13 00:00:00,2026-05-12 00:00:00,13.030,hour,16.50,1.266309,16.50,26.61,2.042210,Committed,USD,1.266309,16.50,2.042210,13.030,hour,Google Cloud,Google Cloud,us-central1,Iowa,//compute.googleapis.com/projects/acme-data-prod/zones/us-central1-a/instances/instance-0915,instance-0915,Compute Engine,2E27-4F75-95CD,2E27-4F75-95CD-price,acme-data-prod,Acme Data Analytics,,regular,"[{""Id"":""cud-compute-n2-3yr-us-central1"",""FullName"":""Committed use discount: N2 vCPU (3 year)"",""Type"":""COMMITTED_USAGE_DISCOUNT"",""Name"":""Committed use discount: N2 vCPU (3 year)"",""Amount"":-10.11}]",1.000000,2026-06-02 04:17:33,"[{""Key"":""team"",""Value"":""data-eng""},{""Key"":""system"",""Value"":""ledger""}]",us-central1,"{""Id"":""acme-data-prod"",""Name"":""Acme Data Analytics"",""Number"":""123456789002""}","[{""Key"":""cost-center"",""Value"":""cc-2087""},{""Key"":""environment"",""Value"":""production""}]",6F81-5844-456A,,"[{""Key"":""compute.googleapis.com/machine_spec"",""Value"":""n2-standard-4""}]","[{""Key"":""environment"",""Value"":""sandbox"",""x_Inherited"":false,""x_Namespace"":""123456789012/environment""}]"
,23.57,01ABCD-234567-89EFGH,BillingAccount,USD,2026-06-01 00:00:00,2026-05-01 00:00:00,Usage,,"Confluent, Inc. — Confluent Cloud eCKU",2026-05-13 00:00:00,2026-05-12 00:00:00,939.660,hour,23.57,0.025084,23.57,0.00,0.000000,Standard,USD,0.025084,23.57,0.000000,939.660,hour,Google Cloud,"Confluent, Inc.",us-east4,Northern Virginia,//cloudcommerceconsumerprocurement.googleapis.com/projects/acme-data-prod/locations/us-east4/clusters/cluster-0543,cluster-0543,Confluent Cloud,B8D2-1F35-6C07,B8D2-1F35-6C07-price,acme-data-prod,Acme Data Analytics,,regular,[],1.000000,2026-06-02 04:17:33,"[{""Key"":""team"",""Value"":""data-eng""},{""Key"":""system"",""Value"":""risk-engine""}]",us-east4,"{""Id"":""acme-data-prod"",""Name"":""Acme Data Analytics"",""Number"":""123456789002""}","[{""Key"":""cost-center"",""Value"":""cc-2087""},{""Key"":""environment"",""Value"":""production""}]",C0AF-0C4B-3A1D,,"[{""Key"":""compute.googleapis.com/machine_spec"",""Value"":""n2-standard-4""}]","[{""Key"":""environment"",""Value"":""sandbox"",""x_Inherited"":false,""x_Namespace"":""123456789012/environment""}]"
,68.38,01ABCD-234567-89EFGH,BillingAccount,USD,2026-06-01 00:00:00,2026-05-01 00:00:00,Usage,,BigQuery Analysis,2026-05-14 00:00:00,2026-05-13 00:00:00,12.340,tebibyte,68.38,5.541329,68.38,79.36,6.431118,Standard,USD,5.541329,68.38,6.431118,12.340,tebibyte,Google Cloud,Google Cloud,europe-west4,Netherlands,//bigquery.googleapis.com/projects/acme-sandbox/locations/europe-west4/datasets/dataset-0236,dataset-0236,BigQuery,D5B1-8E44-70A9,D5B1-8E44-70A9-price,acme-sandbox,Acme Development Sandbox,,regular,[],1.000000,2026-06-02 04:17:33,"[{""Key"":""team"",""Value"":""payments""},{""Key"":""system"",""Value"":""api-gateway""}]",europe-west4,"{""Id"":""acme-sandbox"",""Name"":""Acme Development Sandbox"",""Number"":""123456789003""}","[{""Key"":""cost-center"",""Value"":""cc-2087""},{""Key"":""environment"",""Value"":""production""}]",24E6-581D-38E5,,"[{""Key"":""compute.googleapis.com/machine_spec"",""Value"":""n2-standard-4""}]","[{""Key"":""environment"",""Value"":""production"",""x_Inherited"":false,""x_Namespace"":""123456789012/environment""}]"
,104.82,01ABCD-234567-89EFGH,BillingAccount,USD,2026-06-01 00:00:00,2026-05-01 00:00:00,Usage,,Cloud SQL Cloud SQL for PostgreSQL: vCPU,2026-05-14 00:00:00,2026-05-13 00:00:00,32.610,hour,104.82,3.214351,104.82,125.41,3.845753,Standard,USD,3.214351,104.82,3.845753,32.610,hour,Google Cloud,Google Cloud,asia-southeast1,Singapore,//cloudsql.googleapis.com/projects/acme-data-prod/locations/asia-southeast1/instances/instance-0138,instance-0138,Cloud SQL,4B6D-7C15-9E22,4B6D-7C15-9E22-price,acme-data-prod,Acme Data Analytics,,regular,[],1.000000,2026-06-02 04:17:33,[],asia-southeast1,"{""Id"":""acme-data-prod"",""Name"":""Acme Data Analytics"",""Number"":""123456789002""}","[{""Key"":""cost-center"",""Value"":""cc-2087""},{""Key"":""environment"",""Value"":""production""}]",9662-B51E-5089,,"[{""Key"":""compute.googleapis.com/machine_spec"",""Value"":""n2-standard-4""}]",[]
us-east4-a,25.62,01ABCD-234567-89EFGH,BillingAccount,USD,2026-06-01 00:00:00,2026-05-01 00:00:00,Usage,,Compute Engine N2 Instance Core running,2026-05-14 00:00:00,2026-05-13 00:00:00,18.090,hour,25.62,1.416252,25.62,32.96,1.822001,Standard,USD,1.416252,25.62,1.822001,18.090,hour,Google Cloud,Google Cloud,us-east4,Northern Virginia,//compute.googleapis.com/projects/acme-platform-prod/zones/us-east4-a/instances/instance-0149,instance-0149,Compute Engine,2E27-4F75-95CD,2E27-4F75-95CD-price,acme-platform-prod,Acme Platform Production,,regular,[],1.000000,2026-06-02 04:17:33,"[{""Key"":""team"",""Value"":""data-eng""},{""Key"":""system"",""Value"":""event-bus""}]",us-east4,"{""Id"":""acme-platform-prod"",""Name"":""Acme Platform Production"",""Number"":""123456789000""}","[{""Key"":""cost-center"",""Value"":""cc-2087""},{""Key"":""environment"",""Value"":""production""}]",6F81-5844-456A,,"[{""Key"":""compute.googleapis.com/machine_spec"",""Value"":""n2-standard-4""}]","[{""Key"":""environment"",""Value"":""sandbox"",""x_Inherited"":false,""x_Namespace"":""123456789012/environment""}]"
,112.14,01ABCD-234567-89EFGH,BillingAccount,USD,2026-06-01 00:00:00,2026-05-01 00:00:00,Usage,,Cloud Storage Standard Storage EU,2026-05-14 00:00:00,2026-05-13 00:00:00,658.630,gibibyte month,112.14,0.170263,112.14,122.66,0.186235,Standard,USD,0.170263,112.14,0.186235,658.630,gibibyte month,Google Cloud,Google Cloud,asia-southeast1,Singapore,//storage.googleapis.com/projects/acme-data-prod/locations/asia-southeast1/buckets/bucket-0424,bucket-0424,Cloud Storage,E5F0-6A48-F9C1,E5F0-6A48-F9C1-price,acme-data-prod,Acme Data Analytics,,regular,[],1.000000,2026-06-02 04:17:33,"[{""Key"":""team"",""Value"":""platform""},{""Key"":""system"",""Value"":""risk-engine""}]",asia-southeast1,"{""Id"":""acme-data-prod"",""Name"":""Acme Data Analytics"",""Number"":""123456789002""}","[{""Key"":""cost-center"",""Value"":""cc-2087""},{""Key"":""environment"",""Value"":""production""}]",95FF-2EF5-5EA1,,"[{""Key"":""compute.googleapis.com/machine_spec"",""Value"":""n2-standard-4""}]","[{""Key"":""environment"",""Value"":""production"",""x_Inherited"":false,""x_Namespace"":""123456789012/environment""}]"
,70.11,01ABCD-234567-89EFGH,BillingAccount,USD,2026-06-01 00:00:00,2026-05-01 00:00:00,Usage,,BigQuery Analysis,2026-05-14 00:00:00,2026-05-13 00:00:00,71.200,tebibyte,70.11,0.984691,70.11,91.91,1.290871,Standard,USD,0.984691,70.11,1.290871,71.200,tebibyte,Google Cloud,Google Cloud,europe-west4,Netherlands,//bigquery.googleapis.com/projects/acme-data-prod/locations/europe-west4/datasets/dataset-0330,dataset-0330,BigQuery,D5B1-8E44-70A9,D5B1-8E44-70A9-price,acme-data-prod,Acme Data Analytics,,regular,[],1.000000,2026-06-02 04:17:33,"[{""Key"":""team"",""Value"":""data-eng""},{""Key"":""system"",""Value"":""event-bus""}]",europe-west4,"{""Id"":""acme-data-prod"",""Name"":""Acme Data Analytics"",""Number"":""123456789002""}","[{""Key"":""cost-center"",""Value"":""cc-2087""},{""Key"":""environment"",""Value"":""production""}]",24E6-581D-38E5,,"[{""Key"":""compute.googleapis.com/machine_spec"",""Value"":""n2-standard-4""}]","[{""Key"":""environment"",""Value"":""sandbox"",""x_Inherited"":false,""x_Namespace"":""123456789012/environment""}]"
,133.74,01ABCD-234567-89EFGH,BillingAccount,USD,2026-06-01 00:00:00,2026-05-01 00:00:00,Usage,,Cloud Run Cloud Run CPU Allocation Time,2026-05-14 00:00:00,2026-05-13 00:00:00,562.420,second,133.74,0.237794,133.74,158.29,0.281444,Standard,USD,0.237794,133.74,0.281444,562.420,second,Google Cloud,Google Cloud,asia-southeast1,Singapore,//run.googleapis.com/projects/acme-data-prod/locations/asia-southeast1/services/service-0372,service-0372,Cloud Run,A1C3-9B27-4D65,A1C3-9B27-4D65-price,acme-data-prod,Acme Data Analytics,,regular,[],1.000000,2026-06-02 04:17:33,"[{""Key"":""team"",""Value"":""data-eng""},{""Key"":""system"",""Value"":""risk-engine""}]",asia-southeast1,"{""Id"":""acme-data-prod"",""Name"":""Acme Data Analytics"",""Number"":""123456789002""}","[{""Key"":""cost-center"",""Value"":""cc-2087""},{""Key"":""environment"",""Value"":""production""}]",152E-C115-5142,,"[{""Key"":""compute.googleapis.com/machine_spec"",""Value"":""n2-standard-4""}]","[{""Key"":""environment"",""Value"":""staging"",""x_Inherited"":false,""x_Namespace"":""123456789012/environment""}]"
us-central1-a,0.00,01ABCD-234567-89EFGH,BillingAccount,USD,2026-06-01 00:00:00,2026-05-01 00:00:00,Usage,,Compute Engine usage covered by Committed use discount: N2 vCPU (3 year),2026-05-14 00:00:00,2026-05-13 00:00:00,23.350,hour,16.03,0.686510,16.03,25.85,1.107066,Committed,USD,0.686510,16.03,1.107066,23.350,hour,Google Cloud,Google Cloud,us-central1,Iowa,//compute.googleapis.com/projects/acme-platform-prod/zones/us-central1-a/instances/instance-0913,instance-0913,Compute Engine,2E27-4F75-95CD,2E27-4F75-95CD-price,acme-platform-prod,Acme Platform Production,,regular,"[{""Id"":""cud-compute-n2-3yr-us-central1"",""FullName"":""Committed use discount: N2 vCPU (3 year)"",""Type"":""COMMITTED_USAGE_DISCOUNT"",""Name"":""Committed use discount: N2 vCPU (3 year)"",""Amount"":-9.82}]",1.000000,2026-06-02 04:17:33,"[{""Key"":""team"",""Value"":""platform""},{""Key"":""system"",""Value"":""event-bus""}]",us-central1,"{""Id"":""acme-platform-prod"",""Name"":""Acme Platform Production"",""Number"":""123456789000""}","[{""Key"":""cost-center"",""Value"":""cc-2087""},{""Key"":""environment"",""Value"":""production""}]",6F81-5844-456A,,"[{""Key"":""compute.googleapis.com/machine_spec"",""Value"":""n2-standard-4""}]","[{""Key"":""environment"",""Value"":""sandbox"",""x_Inherited"":false,""x_Namespace"":""123456789012/environment""}]"
,20.16,01ABCD-234567-89EFGH,BillingAccount,USD,2026-06-01 00:00:00,2026-05-01 00:00:00,Usage,,"Confluent, Inc. — Confluent Cloud eCKU",2026-05-14 00:00:00,2026-05-13 00:00:00,234877.140,hour,20.16,0.000086,20.16,0.00,0.000000,Standard,USD,0.000086,20.16,0.000000,234877.140,hour,Google Cloud,"Confluent, Inc.",asia-southeast1,Singapore,//cloudcommerceconsumerprocurement.googleapis.com/projects/acme-platform-prod/locations/asia-southeast1/clusters/cluster-0516,cluster-0516,Confluent Cloud,B8D2-1F35-6C07,B8D2-1F35-6C07-price,acme-platform-prod,Acme Platform Production,,regular,[],1.000000,2026-06-02 04:17:33,"[{""Key"":""team"",""Value"":""security""},{""Key"":""system"",""Value"":""ledger""}]",asia-southeast1,"{""Id"":""acme-platform-prod"",""Name"":""Acme Platform Production"",""Number"":""123456789000""}","[{""Key"":""cost-center"",""Value"":""cc-2087""},{""Key"":""environment"",""Value"":""production""}]",C0AF-0C4B-3A1D,,"[{""Key"":""compute.googleapis.com/machine_spec"",""Value"":""n2-standard-4""}]","[{""Key"":""environment"",""Value"":""production"",""x_Inherited"":false,""x_Namespace"":""123456789012/environment""}]"
,47.65,01ABCD-234567-89EFGH,BillingAccount,USD,2026-06-01 00:00:00,2026-05-01 00:00:00,Usage,,BigQuery Analysis,2026-05-15 00:00:00,2026-05-14 00:00:00,142.210,tebibyte,47.65,0.335068,47.65,58.49,0.411293,Standard,USD,0.335068,47.65,0.411293,142.210,tebibyte,Google Cloud,Google Cloud,asia-southeast1,Singapore,//bigquery.googleapis.com/projects/acme-platform-prod/locations/asia-southeast1/datasets/dataset-0217,dataset-0217,BigQuery,D5B1-8E44-70A9,D5B1-8E44-70A9-price,acme-platform-prod,Acme Platform Production,,regular,[],1.000000,2026-06-02 04:17:33,"[{""Key"":""team"",""Value"":""payments""},{""Key"":""system"",""Value"":""event-bus""}]",asia-southeast1,"{""Id"":""acme-platform-prod"",""Name"":""Acme Platform Production"",""Number"":""123456789000""}","[{""Key"":""cost-center"",""Value"":""cc-2087""},{""Key"":""environment"",""Value"":""production""}]",24E6-581D-38E5,,"[{""Key"":""compute.googleapis.com/machine_spec"",""Value"":""n2-standard-4""}]","[{""Key"":""environment"",""Value"":""production"",""x_Inherited"":false,""x_Namespace"":""123456789012/environment""}]"
,46.99,01ABCD-234567-89EFGH,BillingAccount,USD,2026-06-01 00:00:00,2026-05-01 00:00:00,Usage,,BigQuery Analysis,2026-05-15 00:00:00,2026-05-14 00:00:00,452.050,tebibyte,46.99,0.103949,46.99,57.71,0.127663,Standard,USD,0.103949,46.99,0.127663,452.050,tebibyte,Google Cloud,Google Cloud,us-east4,Northern Virginia,//bigquery.googleapis.com/projects/acme-sandbox/locations/us-east4/datasets/dataset-0452,dataset-0452,BigQuery,D5B1-8E44-70A9,D5B1-8E44-70A9-price,acme-sandbox,Acme Development Sandbox,,regular,[],1.000000,2026-06-02 04:17:33,"[{""Key"":""team"",""Value"":""security""},{""Key"":""system"",""Value"":""ledger""}]",us-east4,"{""Id"":""acme-sandbox"",""Name"":""Acme Development Sandbox"",""Number"":""123456789003""}","[{""Key"":""cost-center"",""Value"":""cc-2087""},{""Key"":""environment"",""Value"":""production""}]",24E6-581D-38E5,,"[{""Key"":""compute.googleapis.com/machine_spec"",""Value"":""n2-standard-4""}]","[{""Key"":""environment"",""Value"":""sandbox"",""x_Inherited"":false,""x_Namespace"":""123456789012/environment""}]"
,156.25,01ABCD-234567-89EFGH,BillingAccount,USD,2026-06-01 00:00:00,2026-05-01 00:00:00,Usage,,BigQuery Analysis,2026-05-15 00:00:00,2026-05-14 00:00:00,27.100,tebibyte,156.25,5.765683,156.25,180.79,6.671218,Standard,USD,5.765683,156.25,6.671218,27.100,tebibyte,Google Cloud,Google Cloud,europe-west4,Netherlands,//bigquery.googleapis.com/projects/acme-data-prod/locations/europe-west4/datasets/dataset-0283,dataset-0283,BigQuery,D5B1-8E44-70A9,D5B1-8E44-70A9-price,acme-data-prod,Acme Data Analytics,,regular,[],1.000000,2026-06-02 04:17:33,"[{""Key"":""team"",""Value"":""platform""},{""Key"":""system"",""Value"":""risk-engine""}]",europe-west4,"{""Id"":""acme-data-prod"",""Name"":""Acme Data Analytics"",""Number"":""123456789002""}","[{""Key"":""cost-center"",""Value"":""cc-2087""},{""Key"":""environment"",""Value"":""production""}]",24E6-581D-38E5,,"[{""Key"":""compute.googleapis.com/machine_spec"",""Value"":""n2-standard-4""}]","[{""Key"":""environment"",""Value"":""sandbox"",""x_Inherited"":false,""x_Namespace"":""123456789012/environment""}]"
,99.72,01ABCD-234567-89EFGH,BillingAccount,USD,2026-06-01 00:00:00,2026-05-01 00:00:00,Usage,,Google Kubernetes Engine Autopilot Pod vCPU,2026-05-15 00:00:00,2026-05-14 00:00:00,521.350,hour,99.72,0.191273,99.72,115.84,0.222192,Standard,USD,0.191273,99.72,0.222192,521.350,hour,Google Cloud,Google Cloud,us-central1,Iowa,//container.googleapis.com/projects/acme-payments-prod/locations/us-central1/clusters/cluster-0445,cluster-0445,Google Kubernetes Engine,7F3A-2C68-B04D,7F3A-2C68-B04D-price,acme-payments-prod,Acme Payments Production,,regular,[],1.000000,2026-06-02 04:17:33,[],us-central1,"{""Id"":""acme-payments-prod"",""Name"":""Acme Payments Production"",""Number"":""123456789001""}","[{""Key"":""cost-center"",""Value"":""cc-2087""},{""Key"":""environment"",""Value"":""production""}]",CCD8-9BF1-090E,,"[{""Key"":""compute.googleapis.com/machine_spec"",""Value"":""n2-standard-4""}]",[]
,57.32,01ABCD-234567-89EFGH,BillingAccount,USD,2026-06-01 00:00:00,2026-05-01 00:00:00,Usage,,Google Kubernetes Engine Autopilot Pod vCPU,2026-05-15 00:00:00,2026-05-14 00:00:00,100.090,hour,57.32,0.572685,57.32,64.11,0.640524,Standard,USD,0.572685,57.32,0.640524,100.090,hour,Google Cloud,Google Cloud,us-central1,Iowa,//container.googleapis.com/projects/acme-platform-prod/locations/us-central1/clusters/cluster-0350,cluster-0350,Google Kubernetes Engine,7F3A-2C68-B04D,7F3A-2C68-B04D-price,acme-platform-prod,Acme Platform Production,,regular,[],1.000000,2026-06-02 04:17:33,"[{""Key"":""team"",""Value"":""security""},{""Key"":""system"",""Value"":""ledger""}]",us-central1,"{""Id"":""acme-platform-prod"",""Name"":""Acme Platform Production"",""Number"":""123456789000""}","[{""Key"":""cost-center"",""Value"":""cc-2087""},{""Key"":""environment"",""Value"":""production""}]",CCD8-9BF1-090E,,"[{""Key"":""compute.googleapis.com/machine_spec"",""Value"":""n2-standard-4""}]","[{""Key"":""environment"",""Value"":""staging"",""x_Inherited"":false,""x_Namespace"":""123456789012/environment""}]"
,154.72,01ABCD-234567-89EFGH,BillingAccount,USD,2026-06-01 00:00:00,2026-05-01 00:00:00,Usage,,Cloud Run Cloud Run CPU Allocation Time,2026-05-15 00:00:00,2026-05-14 00:00:00,238.530,second,154.72,0.648640,154.72,175.63,0.736302,Standard,USD,0.648640,154.72,0.736302,238.530,second,Google Cloud,Google Cloud,us-central1,Iowa,//run.googleapis.com/projects/acme-platform-prod/locations/us-central1/services/service-0398,service-0398,Cloud Run,A1C3-9B27-4D65,A1C3-9B27-4D65-price,acme-platform-prod,Acme Platform Production,,regular,[],1.000000,2026-06-02 04:17:33,"[{""Key"":""team"",""Value"":""security""},{""Key"":""system"",""Value"":""ledger""}]",us-central1,"{""Id"":""acme-platform-prod"",""Name"":""Acme Platform Production"",""Number"":""123456789000""}","[{""Key"":""cost-center"",""Value"":""cc-2087""},{""Key"":""environment"",""Value"":""production""}]",152E-C115-5142,,"[{""Key"":""compute.googleapis.com/machine_spec"",""Value"":""n2-standard-4""}]","[{""Key"":""environment"",""Value"":""production"",""x_Inherited"":false,""x_Namespace"":""123456789012/environment""}]"
us-central1-a,0.00,01ABCD-234567-89EFGH,BillingAccount,USD,2026-06-01 00:00:00,2026-05-01 00:00:00,Usage,,Compute Engine usage covered by Committed use discount: N2 vCPU (3 year),2026-05-15 00:00:00,2026-05-14 00:00:00,12.940,hour,16.66,1.287481,16.66,26.87,2.076507,Committed,USD,1.287481,16.66,2.076507,12.940,hour,Google Cloud,Google Cloud,us-central1,Iowa,//compute.googleapis.com/projects/acme-data-prod/zones/us-central1-a/instances/instance-0907,instance-0907,Compute Engine,2E27-4F75-95CD,2E27-4F75-95CD-price,acme-data-prod,Acme Data Analytics,,regular,"[{""Id"":""cud-compute-n2-3yr-us-central1"",""FullName"":""Committed use discount: N2 vCPU (3 year)"",""Type"":""COMMITTED_USAGE_DISCOUNT"",""Name"":""Committed use discount: N2 vCPU (3 year)"",""Amount"":-10.21}]",1.000000,2026-06-02 04:17:33,[],us-central1,"{""Id"":""acme-data-prod"",""Name"":""Acme Data Analytics"",""Number"":""123456789002""}","[{""Key"":""cost-center"",""Value"":""cc-2087""},{""Key"":""environment"",""Value"":""production""}]",6F81-5844-456A,,"[{""Key"":""compute.googleapis.com/machine_spec"",""Value"":""n2-standard-4""}]",[]
,8.60,01ABCD-234567-89EFGH,BillingAccount,USD,2026-06-01 00:00:00,2026-05-01 00:00:00,Usage,,"Confluent, Inc. — Confluent Cloud eCKU",2026-05-15 00:00:00,2026-05-14 00:00:00,765363.780,hour,8.60,0.000011,8.60,0.00,0.000000,Standard,USD,0.000011,8.60,0.000000,765363.780,hour,Google Cloud,"Confluent, Inc.",europe-west4,Netherlands,//cloudcommerceconsumerprocurement.googleapis.com/projects/acme-payments-prod/locations/europe-west4/clusters/cluster-0545,cluster-0545,Confluent Cloud,B8D2-1F35-6C07,B8D2-1F35-6C07-price,acme-payments-prod,Acme Payments Production,,regular,[],1.000000,2026-06-02 04:17:33,"[{""Key"":""team"",""Value"":""security""},{""Key"":""system"",""Value"":""event-bus""}]",europe-west4,"{""Id"":""acme-payments-prod"",""Name"":""Acme Payments Production"",""Number"":""123456789001""}","[{""Key"":""cost-center"",""Value"":""cc-2087""},{""Key"":""environment"",""Value"":""production""}]",C0AF-0C4B-3A1D,,"[{""Key"":""compute.googleapis.com/machine_spec"",""Value"":""n2-standard-4""}]","[{""Key"":""environment"",""Value"":""staging"",""x_Inherited"":false,""x_Namespace"":""123456789012/environment""}]"
,0.00,01ABCD-234567-89EFGH,BillingAccount,USD,2026-06-01 00:00:00,2026-05-01 00:00:00,Usage,,Unused commitment: Committed use discount: N2 vCPU (3 year),2026-06-01 00:00:00,2026-05-01 00:00:00,,,0.00,,84.50,0.00,,Committed,USD,,84.50,,,,Google Cloud,Google Cloud,,,cud-compute-n2-3yr-us-central1,Committed use discount: N2 vCPU (3 year),Compute Engine,F449-9E0B-3C7A,F449-9E0B-3C7A-price,acme-platform-prod,Acme Platform Production,,regular,"[{""Id"":""cud-compute-n2-3yr-us-central1"",""FullName"":""Committed use discount: N2 vCPU (3 year)"",""Type"":""COMMITTED_USAGE_DISCOUNT"",""Name"":""Committed use discount: N2 vCPU (3 year)"",""Amount"":84.5}]",1.000000,2026-06-02 04:17:33,[],global,"{""Id"":""acme-platform-prod"",""Name"":""Acme Platform Production"",""Number"":""123456789000""}","[{""Key"":""cost-center"",""Value"":""cc-2087""},{""Key"":""environment"",""Value"":""production""}]",6F81-5844-456A,,[],[]
,1460.00,01ABCD-234567-89EFGH,BillingAccount,USD,2026-06-01 00:00:00,2026-05-01 00:00:00,Purchase,,Committed Use Discount recurring fee — Committed use discount: N2 vCPU (3 year),2026-06-01 00:00:00,2026-05-01 00:00:00,,,1460.00,,0.00,0.00,,,USD,,0.00,,,,Google Cloud,Google Cloud,,,cud-compute-n2-3yr-us-central1,Committed use discount: N2 vCPU (3 year),Compute Engine,F449-9E0B-3C7A,F449-9E0B-3C7A-price,acme-platform-prod,Acme Platform Production,,regular,[],1.000000,2026-06-02 04:17:33,[],global,"{""Id"":""acme-platform-prod"",""Name"":""Acme Platform Production"",""Number"":""123456789000""}","[{""Key"":""cost-center"",""Value"":""cc-2087""},{""Key"":""environment"",""Value"":""production""}]",6F81-5844-456A,,[],[]
,372.15,01ABCD-234567-89EFGH,BillingAccount,USD,2026-06-01 00:00:00,2026-05-01 00:00:00,Tax,,VAT,2026-06-01 00:00:00,2026-05-01 00:00:00,,,372.15,,372.15,0.00,,,USD,,372.15,,,,Google Cloud,Google Cloud,,,,,Tax,,,acme-platform-prod,Acme Platform Production,,tax,[],1.000000,2026-06-02 04:17:33,[],global,"{""Id"":""acme-platform-prod"",""Name"":""Acme Platform Production"",""Number"":""123456789000""}","[{""Key"":""cost-center"",""Value"":""cc-2087""},{""Key"":""environment"",""Value"":""production""}]",,,[],[]
,-215.40,01ABCD-234567-89EFGH,BillingAccount,USD,2026-06-01 00:00:00,2026-05-01 00:00:00,Credit,,Promotional credit,2026-06-01 00:00:00,2026-05-01 00:00:00,,,-215.40,,-215.40,0.00,,,USD,,-215.40,,,,Google Cloud,Google Cloud,,,,,Compute Engine,2E27-4F75-95CD,2E27-4F75-95CD-price,acme-platform-prod,Acme Platform Production,,adjustment,"[{""Id"":""promo-2026-05"",""FullName"":""Promotional credit"",""Type"":""PROMOTION"",""Name"":""Promotional credit"",""Amount"":-215.4}]",1.000000,2026-06-02 04:17:33,[],global,"{""Id"":""acme-platform-prod"",""Name"":""Acme Platform Production"",""Number"":""123456789000""}","[{""Key"":""cost-center"",""Value"":""cc-2087""},{""Key"":""environment"",""Value"":""production""}]",6F81-5844-456A,,[],[]
